{"mseTrain": 0.00040689102564102727, "rmseTrain": 0.020171539991805962, "mseUlt": 0.0006300595238095268, "time": 0.006999969482421875, "trainRate": 0.3125, "rmseUlt": 0.025100986510683734}
{"mseTrain": 0.0004636968085106403, "rmseTrain": 0.021533620422739885, "mseUlt": 0.0006300595238095268, "time": 0.0070002079010009766, "trainRate": 0.375, "rmseUlt": 0.025100986510683734}
{"mseTrain": 0.00043670454545454747, "rmseTrain": 0.02089747701170042, "mseUlt": 0.0006300595238095268, "time": 0.007999897003173828, "trainRate": 0.4375, "rmseUlt": 0.025100986510683734}
{"mseTrain": 0.00044632936507936705, "rmseTrain": 0.02112650858706585, "mseUlt": 0.0006300595238095268, "time": 0.00800013542175293, "trainRate": 0.5, "rmseUlt": 0.025100986510683734}
{"mseTrain": 0.0004654698581560302, "rmseTrain": 0.021574750477259992, "mseUlt": 0.0006300595238095268, "time": 0.008999824523925781, "trainRate": 0.5625, "rmseUlt": 0.025100986510683734}
{"mseTrain": 0.0004938296178343969, "rmseTrain": 0.022222277512316257, "mseUlt": 0.0006300595238095268, "time": 0.009000062942504883, "trainRate": 0.625, "rmseUlt": 0.025100986510683734}
{"mseTrain": 0.0005036488439306378, "rmseTrain": 0.022442122090627657, "mseUlt": 0.0006300595238095268, "time": 0.009999990463256836, "trainRate": 0.6875, "rmseUlt": 0.025100986510683734}
{"mseTrain": 0.0005065145502645525, "rmseTrain": 0.02250587812693725, "mseUlt": 0.0006300595238095268, "time": 0.009999990463256836, "trainRate": 0.75, "rmseUlt": 0.025100986510683734}
