{"mseTrain": 0.014569480086077188, "rmseTrain": 0.12070410136394367, "mseUlt": 0.012125833426479406, "time": 0.003999948501586914, "trainRate": 0.25, "rmseUlt": 0.11011736205739496}
{"mseTrain": 0.014758738919609002, "rmseTrain": 0.12148555025026228, "mseUlt": 0.012125950585238354, "time": 0.003000020980834961, "trainRate": 0.3125, "rmseUlt": 0.11011789402834743}
{"mseTrain": 0.013594589369856403, "rmseTrain": 0.11659583770382373, "mseUlt": 0.01211985644333229, "time": 0.002000093460083008, "trainRate": 0.375, "rmseUlt": 0.11009021956255828}
{"mseTrain": 0.013189656935626652, "rmseTrain": 0.11484623169972384, "mseUlt": 0.012137712042565784, "time": 0.003000020980834961, "trainRate": 0.4375, "rmseUlt": 0.11017128501821963}
{"mseTrain": 0.013022377124564048, "rmseTrain": 0.11411563050066388, "mseUlt": 0.012132076532470299, "time": 0.003000020980834961, "trainRate": 0.5, "rmseUlt": 0.11014570591934258}
{"mseTrain": 0.0124470757435697, "rmseTrain": 0.11156646334615837, "mseUlt": 0.012137432279525533, "time": 0.003999948501586914, "trainRate": 0.5625, "rmseUlt": 0.11017001533777479}
{"mseTrain": 0.01206917194845164, "rmseTrain": 0.10985978312581743, "mseUlt": 0.012139065717437012, "time": 0.003999948501586914, "trainRate": 0.625, "rmseUlt": 0.11017742834826474}
{"mseTrain": 0.012182095944462762, "rmseTrain": 0.11037253256341797, "mseUlt": 0.012138892203740426, "time": 0.004000186920166016, "trainRate": 0.6875, "rmseUlt": 0.1101766409169404}
{"mseTrain": 0.013044037946853389, "rmseTrain": 0.1142104984090928, "mseUlt": 0.012138936102194974, "time": 0.004999876022338867, "trainRate": 0.75, "rmseUlt": 0.11017684013527967}
