{"rmseUlt": 11.257773839632842, "trainSample": 51, "scale": 0.0625, "rmseTrain": 8.184885405633818, "time": 21.84500002861023}
{"rmseUlt": 7.582775194610016, "trainSample": 73, "scale": 0.125, "rmseTrain": 4.242743162618633, "time": 39.79899978637695}
{"rmseUlt": 6.781564007995195, "trainSample": 96, "scale": 0.0625, "rmseTrain": 3.7467326029251167, "time": 49.37700009346008}
{"rmseUlt": 6.015495312098469, "trainSample": 118, "scale": 0.03125, "rmseTrain": 3.3348160787969148, "time": 63.21399998664856}
{"rmseUlt": 5.783817904904334, "trainSample": 141, "scale": 0.0625, "rmseTrain": 3.51433326521538, "time": 83.8840000629425}
{"rmseUlt": 5.3164109846887335, "trainSample": 163, "scale": 0.015625, "rmseTrain": 3.72128934826906, "time": 98.66299986839294}
{"rmseUlt": 5.27246057618572, "trainSample": 186, "scale": 0.015625, "rmseTrain": 3.5687509088893155, "time": 120.14499998092651}
{"rmseUlt": 5.102014791739679, "trainSample": 208, "scale": 0.00390625, "rmseTrain": 3.5328333561285334, "time": 140.2099997997284}
{"rmseUlt": 4.925623249973996, "trainSample": 231, "scale": 0.00390625, "rmseTrain": 3.88004008112968, "time": 160.10999989509583}
