{"rmseUlt": 11.348155424313388, "trainSample": 51, "scale": 0.25, "rmseTrain": 8.384844112461721, "time": 23.94000005722046}
{"rmseUlt": 8.883001335669773, "trainSample": 73, "scale": 0.125, "rmseTrain": 5.591987546902974, "time": 37.16000008583069}
{"rmseUlt": 6.288279637282984, "trainSample": 96, "scale": 0.125, "rmseTrain": 3.6310941760294475, "time": 49.80399990081787}
{"rmseUlt": 5.865703676559653, "trainSample": 118, "scale": 0.03125, "rmseTrain": 3.18840038135902, "time": 66.90399980545044}
{"rmseUlt": 6.050883430392306, "trainSample": 141, "scale": 0.0625, "rmseTrain": 3.8924785013456016, "time": 80.6650002002716}
{"rmseUlt": 5.344660575103312, "trainSample": 163, "scale": 0.03125, "rmseTrain": 3.641267845970001, "time": 99.72599983215332}
{"rmseUlt": 5.328419881314276, "trainSample": 186, "scale": 0.03125, "rmseTrain": 3.633840828533927, "time": 116.26200008392334}
{"rmseUlt": 5.119896429802129, "trainSample": 208, "scale": 0.0078125, "rmseTrain": 3.5465812784879445, "time": 140.3439998626709}
{"rmseUlt": 4.922589424437526, "trainSample": 231, "scale": 0.001953125, "rmseTrain": 3.889532123606927, "time": 155.7960000038147}
