{"rmseUlt": 9.762044657558487, "trainSample": 51, "scale": 0.125, "rmseTrain": 6.477092768218621, "time": 22.742000102996826}
{"rmseUlt": 7.476154553625259, "trainSample": 73, "scale": 0.5, "rmseTrain": 4.100077341561277, "time": 37.860000133514404}
{"rmseUlt": 6.380204347361872, "trainSample": 96, "scale": 0.125, "rmseTrain": 3.5546334093785514, "time": 50.01199984550476}
{"rmseUlt": 5.885581956207556, "trainSample": 118, "scale": 0.0625, "rmseTrain": 3.2340077571738925, "time": 65.34300017356873}
{"rmseUlt": 5.7204076039487415, "trainSample": 141, "scale": 0.0078125, "rmseTrain": 3.508112429948932, "time": 81.23099994659424}
{"rmseUlt": 5.312154702532145, "trainSample": 163, "scale": 0.03125, "rmseTrain": 3.630126648824547, "time": 97.01600003242493}
{"rmseUlt": 5.276305703782795, "trainSample": 186, "scale": 0.0078125, "rmseTrain": 3.5715610149074415, "time": 118.14499998092651}
{"rmseUlt": 5.097650837415267, "trainSample": 208, "scale": 0.0078125, "rmseTrain": 3.5286962888305218, "time": 135.69199991226196}
{"rmseUlt": 4.922828623463271, "trainSample": 231, "scale": 0.00390625, "rmseTrain": 3.8895819340705424, "time": 154.0019998550415}
