{"rmseUlt": 10.44074175308895, "trainSample": 51, "scale": 0.0625, "rmseTrain": 7.34052720756626, "time": 23.990999937057495}
{"rmseUlt": 7.499924899779895, "trainSample": 73, "scale": 0.125, "rmseTrain": 4.745419313960972, "time": 37.831000089645386}
{"rmseUlt": 6.739313624920713, "trainSample": 96, "scale": 0.0625, "rmseTrain": 3.517612636464684, "time": 50.217000007629395}
{"rmseUlt": 5.866661492263589, "trainSample": 118, "scale": 0.03125, "rmseTrain": 3.2130721214756037, "time": 63.585999965667725}
{"rmseUlt": 6.206542553317283, "trainSample": 141, "scale": 0.125, "rmseTrain": 3.677316121069529, "time": 83.46499991416931}
{"rmseUlt": 5.368727364391025, "trainSample": 163, "scale": 0.015625, "rmseTrain": 3.691030198622032, "time": 97.31500005722046}
{"rmseUlt": 5.381331519424309, "trainSample": 186, "scale": 0.03125, "rmseTrain": 3.6206848836415446, "time": 120.56900000572205}
{"rmseUlt": 5.245832970197843, "trainSample": 208, "scale": 0.03125, "rmseTrain": 3.62233220840857, "time": 141.63299989700317}
{"rmseUlt": 4.921925592557877, "trainSample": 231, "scale": 0.001953125, "rmseTrain": 3.8894098993534594, "time": 162.3199999332428}
