{"rmseUlt": 11.933449359383488, "trainSample": 51, "scale": 0.015625, "rmseTrain": 8.977499268363768, "time": 23.759999990463257}
{"rmseUlt": 7.183686681242112, "trainSample": 73, "scale": 0.0625, "rmseTrain": 4.100615069430259, "time": 36.41499996185303}
{"rmseUlt": 6.560890489024464, "trainSample": 96, "scale": 0.03125, "rmseTrain": 3.70353935095656, "time": 48.5460000038147}
{"rmseUlt": 6.08158387153281, "trainSample": 118, "scale": 0.25, "rmseTrain": 3.382977052750354, "time": 65.80400013923645}
{"rmseUlt": 5.792307459976004, "trainSample": 141, "scale": 0.03125, "rmseTrain": 3.5263266860941824, "time": 80.35699987411499}
{"rmseUlt": 5.247698872387688, "trainSample": 163, "scale": 0.0078125, "rmseTrain": 3.5682642668863807, "time": 97.92999982833862}
{"rmseUlt": 5.423558620434445, "trainSample": 186, "scale": 0.03125, "rmseTrain": 3.6726114637271965, "time": 120.89200019836426}
{"rmseUlt": 5.10957267678689, "trainSample": 208, "scale": 0.0078125, "rmseTrain": 3.5386631020315047, "time": 141.36800003051758}
{"rmseUlt": 4.938950908387999, "trainSample": 231, "scale": 0.03125, "rmseTrain": 3.8846919952407934, "time": 159.39699983596802}
