{"rmseUlt": 15.982819685042822, "trainSample": 51, "scale": 4, "rmseTrain": 1.5557281574836848, "time": 21.859999895095825}
{"rmseUlt": 7.285054166339234, "trainSample": 73, "scale": 0.125, "rmseTrain": 4.1436619445748075, "time": 39.19799995422363}
{"rmseUlt": 6.301533419394233, "trainSample": 96, "scale": 0.0625, "rmseTrain": 3.4697137437807486, "time": 49.757000207901}
{"rmseUlt": 6.272176271841998, "trainSample": 118, "scale": 0.125, "rmseTrain": 3.2311892052580298, "time": 64.41100001335144}
{"rmseUlt": 5.6163193161231195, "trainSample": 141, "scale": 0.0078125, "rmseTrain": 3.4408918560702304, "time": 82.44299983978271}
{"rmseUlt": 5.4610473329080245, "trainSample": 163, "scale": 0.0625, "rmseTrain": 3.685341731323322, "time": 97.80900001525879}
{"rmseUlt": 5.253592156466968, "trainSample": 186, "scale": 0.00390625, "rmseTrain": 3.5709191457788396, "time": 122.05099987983704}
{"rmseUlt": 5.102159278367144, "trainSample": 208, "scale": 0.015625, "rmseTrain": 3.5323023425840354, "time": 136.82500004768372}
{"rmseUlt": 4.927379007637211, "trainSample": 231, "scale": 0.00390625, "rmseTrain": 3.878411378006623, "time": 163.80200004577637}
