{"rmseUlt": 11.830598251622083, "trainSample": 51, "scale": 0.03125, "rmseTrain": 8.870824190371994, "time": 21.665000200271606}
{"rmseUlt": 7.582229967507371, "trainSample": 73, "scale": 0.125, "rmseTrain": 3.895978009766904, "time": 39.6800000667572}
{"rmseUlt": 6.388660840900443, "trainSample": 96, "scale": 0.0625, "rmseTrain": 3.562180858546975, "time": 48.89099979400635}
{"rmseUlt": 5.834897095977427, "trainSample": 118, "scale": 0.015625, "rmseTrain": 3.1966511483421964, "time": 61.91000008583069}
{"rmseUlt": 5.621176082771581, "trainSample": 141, "scale": 0.015625, "rmseTrain": 3.446277999628245, "time": 80.86999988555908}
{"rmseUlt": 5.2435301822659435, "trainSample": 163, "scale": 0.0078125, "rmseTrain": 3.5764464227317716, "time": 92.35399985313416}
{"rmseUlt": 5.2538231176586585, "trainSample": 186, "scale": 0.0078125, "rmseTrain": 3.574022651416661, "time": 115.42799997329712}
{"rmseUlt": 5.1116579366221115, "trainSample": 208, "scale": 0.0078125, "rmseTrain": 3.5388371043290534, "time": 131.2279999256134}
{"rmseUlt": 5.163479211942552, "trainSample": 231, "scale": 0.03125, "rmseTrain": 3.996095567347379, "time": 153.37599992752075}
