{"rmseUlt": 12.14152796904661, "trainSample": 51, "scale": 0.015625, "rmseTrain": 9.202222429585099, "time": 21.033000230789185}
{"rmseUlt": 7.953850655133833, "trainSample": 73, "scale": 0.25, "rmseTrain": 4.072997830329991, "time": 40.56599998474121}
{"rmseUlt": 6.282739288663882, "trainSample": 96, "scale": 0.125, "rmseTrain": 3.431560815496559, "time": 49.2039999961853}
{"rmseUlt": 7.063186419798645, "trainSample": 118, "scale": 0.5, "rmseTrain": 3.4517230186407972, "time": 65.60799980163574}
{"rmseUlt": 5.589622722041173, "trainSample": 141, "scale": 0.0625, "rmseTrain": 3.3434419624446705, "time": 84.67599987983704}
{"rmseUlt": 5.273478955648934, "trainSample": 163, "scale": 0.015625, "rmseTrain": 3.617024713350627, "time": 101.4539999961853}
{"rmseUlt": 5.253082120328176, "trainSample": 186, "scale": 0.015625, "rmseTrain": 3.5693631452113714, "time": 124.73699998855591}
{"rmseUlt": 5.13674295566736, "trainSample": 208, "scale": 0.015625, "rmseTrain": 3.5561461539895274, "time": 145.52499985694885}
{"rmseUlt": 4.928283448300401, "trainSample": 231, "scale": 0.015625, "rmseTrain": 3.8801358782766853, "time": 165.3399999141693}
