{"rmseUlt": 10.640260022720575, "trainSample": 51, "scale": 1, "rmseTrain": 3.4556159597099163, "time": 21.593000173568726}
{"rmseUlt": 7.379148939830488, "trainSample": 73, "scale": 0.125, "rmseTrain": 3.8178071738054813, "time": 39.76099991798401}
{"rmseUlt": 6.3027881334585585, "trainSample": 96, "scale": 0.0625, "rmseTrain": 3.4941064503329318, "time": 50.242000102996826}
{"rmseUlt": 5.881637678225161, "trainSample": 118, "scale": 0.015625, "rmseTrain": 3.2482825814002037, "time": 64.26199984550476}
{"rmseUlt": 5.913257728613142, "trainSample": 141, "scale": 0.0625, "rmseTrain": 3.563162417179487, "time": 85.82599997520447}
{"rmseUlt": 5.237161426009103, "trainSample": 163, "scale": 0.0078125, "rmseTrain": 3.5686468188248126, "time": 98.81100010871887}
{"rmseUlt": 5.377421228428347, "trainSample": 186, "scale": 0.03125, "rmseTrain": 3.615598748716443, "time": 121.8050000667572}
{"rmseUlt": 5.101861087829992, "trainSample": 208, "scale": 0.0078125, "rmseTrain": 3.5327613633480532, "time": 141.28600001335144}
{"rmseUlt": 4.917523532711247, "trainSample": 231, "scale": 0.015625, "rmseTrain": 3.8779574438175506, "time": 162.6010000705719}
