{"rmseUlt": 9.307733533695009, "trainSample": 51, "scale": 0.5, "rmseTrain": 4.13092106243613, "time": 21.409000158309937}
{"rmseUlt": 6.84466326183201, "trainSample": 73, "scale": 0.125, "rmseTrain": 3.7678692051358764, "time": 39.92199993133545}
{"rmseUlt": 6.68235828301925, "trainSample": 96, "scale": 0.125, "rmseTrain": 3.529728367388832, "time": 48.63800001144409}
{"rmseUlt": 6.567782148618185, "trainSample": 118, "scale": 0.125, "rmseTrain": 3.3497226282567985, "time": 65.64100003242493}
{"rmseUlt": 5.682628487043118, "trainSample": 141, "scale": 0.03125, "rmseTrain": 3.619259099963418, "time": 78.91100001335144}
{"rmseUlt": 5.278196268458944, "trainSample": 163, "scale": 0.015625, "rmseTrain": 3.5950599162744528, "time": 96.13899993896484}
{"rmseUlt": 5.249057770157941, "trainSample": 186, "scale": 0.0078125, "rmseTrain": 3.5723287576281053, "time": 117.37299990653992}
{"rmseUlt": 5.135953600548477, "trainSample": 208, "scale": 0.015625, "rmseTrain": 3.5554515687697386, "time": 136.5460000038147}
{"rmseUlt": 4.929983850454941, "trainSample": 231, "scale": 0.0078125, "rmseTrain": 3.884094432405891, "time": 153.02900004386902}
