{"rmseUlt": 0.03528074514072953, "trainSample": 75, "scale": 2048, "rmseTrain": 0.0008354075369748498, "time": 19.799000024795532}
{"rmseUlt": 0.04110742185597354, "trainSample": 93, "scale": 2048, "rmseTrain": 0.01771812136556263, "time": 21.984999895095825}
{"rmseUlt": 0.025181319114912015, "trainSample": 112, "scale": 1024, "rmseTrain": 0.00372658274220282, "time": 31.420000076293945}
{"rmseUlt": 0.028381497745869618, "trainSample": 131, "scale": 2048, "rmseTrain": 0.0011330927042952719, "time": 34.812999963760376}
{"rmseUlt": 0.02015609249106271, "trainSample": 150, "scale": 1024, "rmseTrain": 0.0017881754807157135, "time": 43.967000007629395}
{"rmseUlt": 0.026536487025670137, "trainSample": 168, "scale": 2048, "rmseTrain": 0.02429116536727247, "time": 52.20299983024597}
{"rmseUlt": 0.010096496773723632, "trainSample": 187, "scale": 2048, "rmseTrain": 0.0008839014889582733, "time": 61.092000007629395}
{"rmseUlt": 0.011174129455563715, "trainSample": 206, "scale": 4096, "rmseTrain": 0.0014133387326360205, "time": 68.70099997520447}
{"rmseUlt": 0.009530797257131698, "trainSample": 225, "scale": 2048, "rmseTrain": 0.0005834626722078657, "time": 76.9909999370575}
