{"rmseUlt": 0.03470969350827627, "trainSample": 75, "scale": 2048, "rmseTrain": 0.001035382108867443, "time": 16.611999988555908}
{"rmseUlt": 0.038439216378586986, "trainSample": 93, "scale": 4096, "rmseTrain": 0.00904774114606007, "time": 24.085000038146973}
{"rmseUlt": 0.0346193358618163, "trainSample": 112, "scale": 4096, "rmseTrain": 0.0120387906007029, "time": 30.36400008201599}
{"rmseUlt": 0.034244272327895356, "trainSample": 131, "scale": 2048, "rmseTrain": 0.0011773602474046462, "time": 38.58299994468689}
{"rmseUlt": 0.03816621160216847, "trainSample": 150, "scale": 1024, "rmseTrain": 0.02217037033754198, "time": 47.168999910354614}
{"rmseUlt": 0.034751925337464726, "trainSample": 168, "scale": 1024, "rmseTrain": 0.018867124552942757, "time": 60.848000049591064}
{"rmseUlt": 0.011326570359387876, "trainSample": 187, "scale": 2048, "rmseTrain": 0.0010533069779097356, "time": 69.70900011062622}
{"rmseUlt": 0.0125259077926266, "trainSample": 206, "scale": 1024, "rmseTrain": 0.001678964242784492, "time": 87.24300003051758}
{"rmseUlt": 0.032649521523071934, "trainSample": 225, "scale": 1024, "rmseTrain": 0.018638489863888566, "time": 82.8989999294281}
