{"rmseUlt": 0.043087419121125674, "trainSample": 75, "scale": 4096, "rmseTrain": 0.0035634763809753306, "time": 13.000999927520752}
{"rmseUlt": 0.03847302153186875, "trainSample": 93, "scale": 4096, "rmseTrain": 0.0010300520907047406, "time": 17.157999992370605}
{"rmseUlt": 0.060065695340221124, "trainSample": 112, "scale": 4096, "rmseTrain": 0.0001550140774437159, "time": 21.10599994659424}
{"rmseUlt": 0.026036274312800062, "trainSample": 131, "scale": 2048, "rmseTrain": 0.002688355404831564, "time": 25.585000038146973}
{"rmseUlt": 0.018633083672285247, "trainSample": 150, "scale": 1024, "rmseTrain": 0.0016289628811904956, "time": 31.534000158309937}
{"rmseUlt": 0.012169984234519027, "trainSample": 168, "scale": 1024, "rmseTrain": 0.0016072072684049463, "time": 36.44700002670288}
{"rmseUlt": 0.01356438328985563, "trainSample": 187, "scale": 2048, "rmseTrain": 0.0010031039276325808, "time": 42.22699999809265}
{"rmseUlt": 0.01166773443375205, "trainSample": 206, "scale": 4096, "rmseTrain": 0.0012713397713790483, "time": 48.60199999809265}
{"rmseUlt": 0.008726887574162281, "trainSample": 225, "scale": 2048, "rmseTrain": 0.0006407344432410595, "time": 53.36899995803833}
