{"rmseUlt": 0.038128066769387806, "trainSample": 75, "scale": 2048, "rmseTrain": 0.0010386501853915332, "time": 16.635000228881836}
{"rmseUlt": 0.03844487285553997, "trainSample": 93, "scale": 1024, "rmseTrain": 0.012203331232248902, "time": 21.388999938964844}
{"rmseUlt": 0.04548041907190373, "trainSample": 112, "scale": 512, "rmseTrain": 0.023193471465561718, "time": 31.18400001525879}
{"rmseUlt": 0.032348266361406405, "trainSample": 131, "scale": 1024, "rmseTrain": 0.012244375946499304, "time": 34.644999980926514}
{"rmseUlt": 0.04244553328006828, "trainSample": 150, "scale": 1024, "rmseTrain": 0.02098050770947605, "time": 42.64299988746643}
{"rmseUlt": 0.010362311164890689, "trainSample": 168, "scale": 1024, "rmseTrain": 0.0014599004880262254, "time": 52.13000011444092}
{"rmseUlt": 0.009016166487862813, "trainSample": 187, "scale": 2048, "rmseTrain": 0.0008210692543055709, "time": 60.36199998855591}
{"rmseUlt": 0.014580360056633006, "trainSample": 206, "scale": 1024, "rmseTrain": 0.0021196628771261617, "time": 66.84699988365173}
{"rmseUlt": 0.014203886308310196, "trainSample": 225, "scale": 1024, "rmseTrain": 0.002074699176484435, "time": 73.13100004196167}
