{"rmseUlt": 0.08223855247987087, "trainSample": 75, "scale": 1024, "rmseTrain": 0.03136819224449015, "time": 13.223999977111816}
{"rmseUlt": 0.04902580448640062, "trainSample": 93, "scale": 4096, "rmseTrain": 0.014935087494556777, "time": 17.049000024795532}
{"rmseUlt": 0.045962956729084584, "trainSample": 112, "scale": 512, "rmseTrain": 0.023475606915933537, "time": 21.400999784469604}
{"rmseUlt": 0.028667283447949107, "trainSample": 131, "scale": 2048, "rmseTrain": 0.011551903214472456, "time": 25.844000101089478}
{"rmseUlt": 0.038811078776931004, "trainSample": 150, "scale": 4096, "rmseTrain": 0.022533989877580957, "time": 30.7260000705719}
{"rmseUlt": 0.017418199913433192, "trainSample": 168, "scale": 2048, "rmseTrain": 0.005376537752629007, "time": 38.32800006866455}
{"rmseUlt": 0.01160973711854984, "trainSample": 187, "scale": 4096, "rmseTrain": 0.0010503308426941052, "time": 54.9060001373291}
{"rmseUlt": 0.0377863012666152, "trainSample": 206, "scale": 4096, "rmseTrain": 0.017565983697246264, "time": 66.67400002479553}
{"rmseUlt": 0.01864141896924346, "trainSample": 225, "scale": 1024, "rmseTrain": 0.010657959336645, "time": 75.8050000667572}
