{"rmseUlt": 0.03539917697217428, "trainSample": 75, "scale": 1024, "rmseTrain": 0.0010153340034530169, "time": 16.473000049591064}
{"rmseUlt": 0.03854988191718907, "trainSample": 93, "scale": 2048, "rmseTrain": 0.010612789793276943, "time": 23.799999952316284}
{"rmseUlt": 0.04139649755034619, "trainSample": 112, "scale": 2048, "rmseTrain": 0.021409441719958608, "time": 28.52999997138977}
{"rmseUlt": 0.02892429318793816, "trainSample": 131, "scale": 1024, "rmseTrain": 0.011244199136423607, "time": 37.97499990463257}
{"rmseUlt": 0.01849186041090784, "trainSample": 150, "scale": 2048, "rmseTrain": 0.0016986691925393097, "time": 44.95300006866455}
{"rmseUlt": 0.012278708108710816, "trainSample": 168, "scale": 2048, "rmseTrain": 0.0012882958292314121, "time": 51.919999837875366}
{"rmseUlt": 0.05389512771767527, "trainSample": 187, "scale": 2048, "rmseTrain": 0.033735873015588176, "time": 58.18900012969971}
{"rmseUlt": 0.0140097489018785, "trainSample": 206, "scale": 2048, "rmseTrain": 0.0016909872563397484, "time": 68.98899984359741}
{"rmseUlt": 0.006242322035299963, "trainSample": 225, "scale": 2048, "rmseTrain": 0.002296603521963761, "time": 75.26799988746643}
