{"rmseUlt": 0.03590080362295071, "trainSample": 75, "scale": 2048, "rmseTrain": 0.0015337117389541614, "time": 16.32200002670288}
{"rmseUlt": 0.05580472850299944, "trainSample": 93, "scale": 2048, "rmseTrain": 0.048004597174587715, "time": 22.098999977111816}
{"rmseUlt": 0.033438634878639635, "trainSample": 112, "scale": 1024, "rmseTrain": 0.010553784452508099, "time": 29.54699993133545}
{"rmseUlt": 0.026090714765635507, "trainSample": 131, "scale": 2048, "rmseTrain": 0.0010928215194077162, "time": 35.055999994277954}
{"rmseUlt": 0.022861834676303677, "trainSample": 150, "scale": 1024, "rmseTrain": 0.00368581584239629, "time": 44.70099997520447}
{"rmseUlt": 0.03399912728338282, "trainSample": 168, "scale": 2048, "rmseTrain": 0.044549632558842665, "time": 51.99900007247925}
{"rmseUlt": 0.017262642116714532, "trainSample": 187, "scale": 1024, "rmseTrain": 0.002251956262818316, "time": 57.90499997138977}
{"rmseUlt": 0.036359930281486964, "trainSample": 206, "scale": 512, "rmseTrain": 0.02059980425578328, "time": 71.41299986839294}
{"rmseUlt": 0.004309218459660475, "trainSample": 225, "scale": 2048, "rmseTrain": 0.0004463696448542811, "time": 74.19800019264221}
