{"rmseUlt": 0.0389076358105661, "trainSample": 75, "scale": 2048, "rmseTrain": 0.0033369812209779748, "time": 18.77300000190735}
{"rmseUlt": 0.03890698787185664, "trainSample": 93, "scale": 1024, "rmseTrain": 0.013787234747971255, "time": 27.15499997138977}
{"rmseUlt": 0.05214104829906406, "trainSample": 112, "scale": 4096, "rmseTrain": 0.00022356048214881171, "time": 27.963000059127808}
{"rmseUlt": 0.02429972783968232, "trainSample": 131, "scale": 1024, "rmseTrain": 0.005301128785899514, "time": 40.74499988555908}
{"rmseUlt": 0.018419373829087954, "trainSample": 150, "scale": 4096, "rmseTrain": 0.0017056221173520532, "time": 47.65499997138977}
{"rmseUlt": 0.013431105546285106, "trainSample": 168, "scale": 1024, "rmseTrain": 0.0017554193688641263, "time": 59.14200019836426}
{"rmseUlt": 0.025273553921986883, "trainSample": 187, "scale": 2048, "rmseTrain": 0.011462069658166476, "time": 72.74899983406067}
{"rmseUlt": 0.0183179803959824, "trainSample": 206, "scale": 4096, "rmseTrain": 0.001407256735063304, "time": 83.03700017929077}
{"rmseUlt": 0.010026033207931013, "trainSample": 225, "scale": 1024, "rmseTrain": 0.0031905901344053914, "time": 92.60199999809265}
