{"rmseUlt": 0.03545410771143401, "trainSample": 75, "scale": 2048, "rmseTrain": 0.0009220427032309333, "time": 17.99899983406067}
{"rmseUlt": 0.04045450784953919, "trainSample": 93, "scale": 2048, "rmseTrain": 0.016844294633318227, "time": 23.23300004005432}
{"rmseUlt": 0.025600213126313255, "trainSample": 112, "scale": 1024, "rmseTrain": 0.0033037439996864556, "time": 34.71300005912781}
{"rmseUlt": 0.029017002788538578, "trainSample": 131, "scale": 2048, "rmseTrain": 0.0012544872988587952, "time": 38.348000049591064}
{"rmseUlt": 0.020149373792193555, "trainSample": 150, "scale": 4096, "rmseTrain": 0.0017362808367839269, "time": 47.78600001335144}
{"rmseUlt": 0.04364277872951899, "trainSample": 168, "scale": 1024, "rmseTrain": 0.022774230788593225, "time": 58.75200009346008}
{"rmseUlt": 0.010177700512862717, "trainSample": 187, "scale": 1024, "rmseTrain": 0.003484923419172705, "time": 67.03199982643127}
{"rmseUlt": 0.011667768103715876, "trainSample": 206, "scale": 4096, "rmseTrain": 0.0009914703854565204, "time": 75.71000003814697}
{"rmseUlt": 0.0075815130583051895, "trainSample": 225, "scale": 4096, "rmseTrain": 0.004176370555818692, "time": 87.43400001525879}
