{"rmseUlt": 0.0437215192710748, "trainSample": 75, "scale": 1024, "rmseTrain": 0.0014469519829851242, "time": 18.5239999294281}
{"rmseUlt": 0.03656902288939468, "trainSample": 93, "scale": 2048, "rmseTrain": 0.0017807726290634878, "time": 26.796000003814697}
{"rmseUlt": 0.038245644037263896, "trainSample": 112, "scale": 512, "rmseTrain": 0.01836772470776433, "time": 30.832000017166138}
{"rmseUlt": 0.03378313703583974, "trainSample": 131, "scale": 2048, "rmseTrain": 0.0011782517632773415, "time": 41.64300012588501}
{"rmseUlt": 0.02792247373819979, "trainSample": 150, "scale": 2048, "rmseTrain": 0.015721738203143824, "time": 46.419999837875366}
{"rmseUlt": 0.07447000442551302, "trainSample": 168, "scale": 8192, "rmseTrain": 0.051162587764463176, "time": 61.70099997520447}
{"rmseUlt": 0.007908284709882306, "trainSample": 187, "scale": 2048, "rmseTrain": 0.0007680595653060963, "time": 73.22300004959106}
{"rmseUlt": 0.008454191927882633, "trainSample": 206, "scale": 2048, "rmseTrain": 0.0007091994690071206, "time": 78.7409999370575}
{"rmseUlt": 0.01478787967902707, "trainSample": 225, "scale": 4096, "rmseTrain": 0.0007241417411714467, "time": 83.5920000076294}
