{"rmseUlt": 0.06263030784509026, "trainSample": 75, "scale": 1024, "rmseTrain": 0.002496982631918859, "time": 27.85199999809265}
{"rmseUlt": 0.029009087841627205, "trainSample": 93, "scale": 4096, "rmseTrain": 0.0017384928192204702, "time": 29.520999908447266}
{"rmseUlt": 0.02310127948462865, "trainSample": 112, "scale": 4096, "rmseTrain": 0.0001984576713374715, "time": 40.43600010871887}
{"rmseUlt": 0.03739090030668603, "trainSample": 131, "scale": 4096, "rmseTrain": 0.00031786940630320373, "time": 48.69000005722046}
{"rmseUlt": 0.024639531477297087, "trainSample": 150, "scale": 4096, "rmseTrain": 0.00028509049817145493, "time": 53.91700005531311}
{"rmseUlt": 0.0062723047153473545, "trainSample": 168, "scale": 4096, "rmseTrain": 0.00040601303758452126, "time": 61.646000146865845}
{"rmseUlt": 0.005353144449741124, "trainSample": 187, "scale": 2048, "rmseTrain": 0.0002556647489290922, "time": 70.19799995422363}
{"rmseUlt": 0.028504544781796627, "trainSample": 206, "scale": 4096, "rmseTrain": 0.0003404466784131692, "time": 77.87899994850159}
{"rmseUlt": 0.0012288144616868107, "trainSample": 225, "scale": 2048, "rmseTrain": 0.00027321906302218984, "time": 74.1340000629425}
