{"rmseUlt": 0.04600622884380399, "trainSample": 75, "scale": 512, "rmseTrain": 0.017367690736829474, "time": 18.41700005531311}
{"rmseUlt": 0.01629528821198981, "trainSample": 93, "scale": 2048, "rmseTrain": 0.007424234886426325, "time": 22.73900008201599}
{"rmseUlt": 0.03853861507349285, "trainSample": 112, "scale": 8192, "rmseTrain": 0.0003048473479376596, "time": 27.765000104904175}
{"rmseUlt": 0.0030025502174272924, "trainSample": 131, "scale": 4096, "rmseTrain": 0.0002099908553960772, "time": 31.884000062942505}
{"rmseUlt": 0.006674452563203789, "trainSample": 150, "scale": 2048, "rmseTrain": 0.0001904434078862676, "time": 37.609999895095825}
{"rmseUlt": 0.008781448373969675, "trainSample": 168, "scale": 2048, "rmseTrain": 0.0004367650204221041, "time": 42.545000076293945}
{"rmseUlt": 0.006202767846053473, "trainSample": 187, "scale": 2048, "rmseTrain": 0.0008144026247506336, "time": 48.53400015830994}
{"rmseUlt": 0.006894308196740099, "trainSample": 206, "scale": 4096, "rmseTrain": 0.0002308129751255082, "time": 55.003000020980835}
{"rmseUlt": 0.0014553327910933615, "trainSample": 225, "scale": 2048, "rmseTrain": 0.00014325265125836404, "time": 63.32599997520447}
