{"rmseUlt": 0.060858483251168424, "trainSample": 75, "scale": 1024, "rmseTrain": 0.00798458402398544, "time": 24.18499994277954}
{"rmseUlt": 0.01232855719230759, "trainSample": 93, "scale": 2048, "rmseTrain": 0.0032886885756122828, "time": 33.36900019645691}
{"rmseUlt": 0.004355665986671096, "trainSample": 112, "scale": 4096, "rmseTrain": 0.00026336117144364844, "time": 37.64100003242493}
{"rmseUlt": 0.007705516427716352, "trainSample": 131, "scale": 2048, "rmseTrain": 0.0012656067215407428, "time": 45.29100012779236}
{"rmseUlt": 0.002115226380277111, "trainSample": 150, "scale": 2048, "rmseTrain": 0.0005966619908239943, "time": 53.055999994277954}
{"rmseUlt": 0.007854956188398694, "trainSample": 168, "scale": 2048, "rmseTrain": 0.00017963020706473505, "time": 43.848999977111816}
{"rmseUlt": 0.008941693864670294, "trainSample": 187, "scale": 4096, "rmseTrain": 0.00010284233864331336, "time": 47.82799983024597}
{"rmseUlt": 0.0446878681694625, "trainSample": 206, "scale": 8192, "rmseTrain": 0.00037689557931278424, "time": 54.11099982261658}
{"rmseUlt": 0.0005192625853472571, "trainSample": 225, "scale": 2048, "rmseTrain": 0.00014776289742732756, "time": 61.365999937057495}
