{"rmseUlt": 0.06713945962507097, "trainSample": 75, "scale": 8192, "rmseTrain": 9.195185570008468e-05, "time": 26.562999963760376}
{"rmseUlt": 0.04522946226620369, "trainSample": 93, "scale": 4096, "rmseTrain": 0.0004493563097725606, "time": 31.213000059127808}
{"rmseUlt": 0.02373427034603209, "trainSample": 112, "scale": 2048, "rmseTrain": 0.0012904577582546356, "time": 39.27800011634827}
{"rmseUlt": 0.01781158978244159, "trainSample": 131, "scale": 4096, "rmseTrain": 0.00033522913201883113, "time": 45.40700006484985}
{"rmseUlt": 0.01608437265630424, "trainSample": 150, "scale": 2048, "rmseTrain": 0.00020475689437426093, "time": 55.056999921798706}
{"rmseUlt": 0.005021909085005453, "trainSample": 168, "scale": 4096, "rmseTrain": 0.00016980027536329812, "time": 59.867999792099}
{"rmseUlt": 0.011841998732678827, "trainSample": 187, "scale": 2048, "rmseTrain": 0.0002796001940041476, "time": 70.48799991607666}
{"rmseUlt": 0.0007397979545954392, "trainSample": 206, "scale": 2048, "rmseTrain": 0.000281790677847015, "time": 76.33200001716614}
{"rmseUlt": 0.0011804941986821053, "trainSample": 225, "scale": 2048, "rmseTrain": 0.0003930781968312121, "time": 88.23399996757507}
