{"rmseUlt": 0.018221530699135707, "trainSample": 75, "scale": 2048, "rmseTrain": 0.0003242190200761611, "time": 19.074999809265137}
{"rmseUlt": 0.03895374658040331, "trainSample": 93, "scale": 4096, "rmseTrain": 0.00033287101087548844, "time": 23.569000005722046}
{"rmseUlt": 0.02490990059551706, "trainSample": 112, "scale": 4096, "rmseTrain": 0.0002884768944756499, "time": 27.89900016784668}
{"rmseUlt": 0.00446211279887433, "trainSample": 131, "scale": 4096, "rmseTrain": 5.360559720838638e-05, "time": 32.6029999256134}
{"rmseUlt": 0.006348750176588826, "trainSample": 150, "scale": 2048, "rmseTrain": 0.0016237695458912746, "time": 39.276000022888184}
{"rmseUlt": 0.007546110227713329, "trainSample": 168, "scale": 2048, "rmseTrain": 0.0027183764245273597, "time": 44.28499984741211}
{"rmseUlt": 0.014476020196019604, "trainSample": 187, "scale": 4096, "rmseTrain": 0.0001245845517885668, "time": 50.61900019645691}
{"rmseUlt": 0.03806264771200251, "trainSample": 206, "scale": 8192, "rmseTrain": 0.00036238417409053435, "time": 56.634000062942505}
{"rmseUlt": 0.001477575787334199, "trainSample": 225, "scale": 2048, "rmseTrain": 0.0004415415690385194, "time": 76.44200015068054}
