{"rmseUlt": 0.03847364895207989, "trainSample": 75, "scale": 1024, "rmseTrain": 0.0016511174380160671, "time": 18.846999883651733}
{"rmseUlt": 0.030879962519468264, "trainSample": 93, "scale": 4096, "rmseTrain": 0.00039073824463928074, "time": 22.94700002670288}
{"rmseUlt": 0.018374800018169775, "trainSample": 112, "scale": 4096, "rmseTrain": 5.022779003459257e-05, "time": 27.240999937057495}
{"rmseUlt": 0.015131844590675273, "trainSample": 131, "scale": 4096, "rmseTrain": 0.00015695647418720093, "time": 32.210999965667725}
{"rmseUlt": 0.014564856687651867, "trainSample": 150, "scale": 4096, "rmseTrain": 0.0002448236274530351, "time": 37.473999977111816}
{"rmseUlt": 0.00100922960124055, "trainSample": 168, "scale": 2048, "rmseTrain": 0.00012832103147947854, "time": 42.605000019073486}
{"rmseUlt": 0.0022818326793753872, "trainSample": 187, "scale": 2048, "rmseTrain": 0.0002091999893956355, "time": 48.01600003242493}
{"rmseUlt": 0.005614179320141907, "trainSample": 206, "scale": 2048, "rmseTrain": 0.000251543160212717, "time": 53.562000036239624}
{"rmseUlt": 0.00027956250157489286, "trainSample": 225, "scale": 2048, "rmseTrain": 0.0001075582422513199, "time": 59.69700002670288}
