{"rmseUlt": 0.025769733034288277, "trainSample": 75, "scale": 1024, "rmseTrain": 0.004117251693968442, "time": 26.180999994277954}
{"rmseUlt": 0.03469913323657422, "trainSample": 93, "scale": 2048, "rmseTrain": 0.0043294483879346484, "time": 29.600000143051147}
{"rmseUlt": 0.014319614559646107, "trainSample": 112, "scale": 4096, "rmseTrain": 0.00036697417293640104, "time": 39.48300004005432}
{"rmseUlt": 0.018281549139656673, "trainSample": 131, "scale": 4096, "rmseTrain": 0.0002463714537491918, "time": 46.12599992752075}
{"rmseUlt": 0.0019416684045894133, "trainSample": 150, "scale": 2048, "rmseTrain": 0.00018172380534943052, "time": 54.34100008010864}
{"rmseUlt": 0.0006533459640340859, "trainSample": 168, "scale": 2048, "rmseTrain": 0.0001352762055826812, "time": 59.53800010681152}
{"rmseUlt": 0.0037184482798584325, "trainSample": 187, "scale": 2048, "rmseTrain": 0.00014604626975819112, "time": 67.57800006866455}
{"rmseUlt": 0.013225349987120993, "trainSample": 206, "scale": 2048, "rmseTrain": 0.0001717015244510131, "time": 78.4539999961853}
{"rmseUlt": 0.0027985838810962857, "trainSample": 225, "scale": 4096, "rmseTrain": 0.00016769968764791864, "time": 86.30200004577637}
