{"rmseUlt": 0.04331798416008628, "trainSample": 75, "scale": 2048, "rmseTrain": 0.0005530560823425831, "time": 24.29200005531311}
{"rmseUlt": 0.013101702284895735, "trainSample": 93, "scale": 2048, "rmseTrain": 0.00012644597612397292, "time": 29.97699999809265}
{"rmseUlt": 0.01940643997725039, "trainSample": 112, "scale": 1024, "rmseTrain": 0.0032400359039142343, "time": 34.94099998474121}
{"rmseUlt": 0.00926352376009903, "trainSample": 131, "scale": 2048, "rmseTrain": 0.0002648842164606633, "time": 45.289000034332275}
{"rmseUlt": 0.028890425352420118, "trainSample": 150, "scale": 8192, "rmseTrain": 0.0008115217813601136, "time": 52.47100019454956}
{"rmseUlt": 0.009291828186448844, "trainSample": 168, "scale": 2048, "rmseTrain": 0.0008483201543385249, "time": 62.33500003814697}
{"rmseUlt": 0.009630273025882992, "trainSample": 187, "scale": 2048, "rmseTrain": 0.00027790668808032364, "time": 67.17300009727478}
{"rmseUlt": 0.034092406776126294, "trainSample": 206, "scale": 8192, "rmseTrain": 0.00018741408242509337, "time": 80.59500002861023}
{"rmseUlt": 0.0013027667790662069, "trainSample": 225, "scale": 4096, "rmseTrain": 0.00014575144831830808, "time": 86.24600005149841}
