{"rmseUlt": 0.0578806337078773, "trainSample": 75, "scale": 1024, "rmseTrain": 0.0032948293312218963, "time": 24.694999933242798}
{"rmseUlt": 0.04174658760356564, "trainSample": 93, "scale": 8192, "rmseTrain": 0.00024271834081368042, "time": 34.698999881744385}
{"rmseUlt": 0.01564761511937434, "trainSample": 112, "scale": 2048, "rmseTrain": 0.0003550319200938393, "time": 39.96900010108948}
{"rmseUlt": 0.009361635136493168, "trainSample": 131, "scale": 4096, "rmseTrain": 7.384779321339247e-05, "time": 46.54900002479553}
{"rmseUlt": 0.03209411464694314, "trainSample": 150, "scale": 8192, "rmseTrain": 0.0007858840667312226, "time": 53.956000089645386}
{"rmseUlt": 0.031944482498051104, "trainSample": 168, "scale": 4096, "rmseTrain": 0.00048265344274886956, "time": 63.961000204086304}
{"rmseUlt": 0.027824156924607556, "trainSample": 187, "scale": 4096, "rmseTrain": 0.00023127448486111015, "time": 68.62100005149841}
{"rmseUlt": 0.009104129257132191, "trainSample": 206, "scale": 2048, "rmseTrain": 0.0003337879499995649, "time": 77.11899995803833}
{"rmseUlt": 0.0047579698137244575, "trainSample": 225, "scale": 2048, "rmseTrain": 0.0005996894129705901, "time": 89.0479998588562}
