{"rmseUlt": 0.01533934509516039, "trainSample": 75, "scale": 2048, "rmseTrain": 0.0014174949023330178, "time": 18.272000074386597}
{"rmseUlt": 0.034886288645198375, "trainSample": 93, "scale": 4096, "rmseTrain": 0.001172423763407144, "time": 22.94000005722046}
{"rmseUlt": 0.031458647841515995, "trainSample": 112, "scale": 2048, "rmseTrain": 0.0016776966626858994, "time": 27.191999912261963}
{"rmseUlt": 0.05563349551691736, "trainSample": 131, "scale": 8192, "rmseTrain": 0.00035944489940839, "time": 31.930000066757202}
{"rmseUlt": 0.0242292952838334, "trainSample": 150, "scale": 4096, "rmseTrain": 0.0005316628101483138, "time": 37.276000022888184}
{"rmseUlt": 0.050723846593096686, "trainSample": 168, "scale": 8192, "rmseTrain": 0.00022936490124497697, "time": 42.91599988937378}
{"rmseUlt": 0.04108381134886215, "trainSample": 187, "scale": 1024, "rmseTrain": 0.0182025835595182, "time": 48.375}
{"rmseUlt": 0.003706675620684554, "trainSample": 206, "scale": 4096, "rmseTrain": 0.00026334418175922474, "time": 55.1800000667572}
{"rmseUlt": 0.0007087381721626779, "trainSample": 225, "scale": 2048, "rmseTrain": 0.0002343497158738514, "time": 59.96399998664856}
