{"rmseUlt": 0.005338197905701936, "trainSample": 402, "scale": 0.25, "rmseTrain": 0.00475646713214335, "time": 172.2920000553131}
{"rmseUlt": 0.0052097565992997846, "trainSample": 456, "scale": 0.125, "rmseTrain": 0.004795936090796722, "time": 277.6529998779297}
{"rmseUlt": 0.0052033609140772945, "trainSample": 510, "scale": 0.25, "rmseTrain": 0.004870665004089077, "time": 441.10700011253357}
{"rmseUlt": 0.005184706471449682, "trainSample": 536, "scale": 0.0625, "rmseTrain": 0.004926985722006213, "time": 542.9560000896454}
{"rmseUlt": 0.005132664419727271, "trainSample": 536, "scale": 0.125, "rmseTrain": 0.0047686590566316045, "time": 542.1500000953674}
{"rmseUlt": 0.005183340496718796, "trainSample": 536, "scale": 0.125, "rmseTrain": 0.00488961162986235, "time": 537.6500000953674}
{"rmseUlt": 0.005086261150834655, "trainSample": 536, "scale": 0.125, "rmseTrain": 0.0047487080159038025, "time": 542.324000120163}
