{"rmseUlt": 0.005293321891589335, "trainSample": 402, "scale": 0.0625, "rmseTrain": 0.0049029837691297404, "time": 201.731999874115}
{"rmseUlt": 0.005194725265242791, "trainSample": 456, "scale": 0.0625, "rmseTrain": 0.004743049978159064, "time": 332.9069998264313}
{"rmseUlt": 0.0052121394492154, "trainSample": 510, "scale": 0.25, "rmseTrain": 0.004860270197305667, "time": 514.9079999923706}
{"rmseUlt": 0.005085546616725616, "trainSample": 536, "scale": 0.125, "rmseTrain": 0.004748226451835104, "time": 629.3129999637604}
{"rmseUlt": 0.005134710588945632, "trainSample": 536, "scale": 0.0625, "rmseTrain": 0.00478812149794927, "time": 635.5889999866486}
{"rmseUlt": 0.005119665681955587, "trainSample": 536, "scale": 0.0625, "rmseTrain": 0.004775665393448324, "time": 628.6009998321533}
{"rmseUlt": 0.005135974368869197, "trainSample": 536, "scale": 0.0625, "rmseTrain": 0.004788273591369856, "time": 760.0160000324249}
