{"rmseUlt": 0.005302019903955748, "trainSample": 402, "scale": 0.125, "rmseTrain": 0.004751164773696796, "time": 175.5880000591278}
{"rmseUlt": 0.005196176730249735, "trainSample": 456, "scale": 0.125, "rmseTrain": 0.004706619040957039, "time": 279.1970000267029}
{"rmseUlt": 0.0052424572072872965, "trainSample": 510, "scale": 0.03125, "rmseTrain": 0.004916760247741695, "time": 440.59800004959106}
{"rmseUlt": 0.005135729502886092, "trainSample": 536, "scale": 0.0625, "rmseTrain": 0.004788802356569151, "time": 542.5499999523163}
{"rmseUlt": 0.00508413325007183, "trainSample": 536, "scale": 0.25, "rmseTrain": 0.0047950836426002025, "time": 541.7030000686646}
{"rmseUlt": 0.005190088647625559, "trainSample": 536, "scale": 0.03125, "rmseTrain": 0.004864774955688801, "time": 549.8970000743866}
{"rmseUlt": 0.0051379550628239574, "trainSample": 536, "scale": 0.25, "rmseTrain": 0.0048344762910464655, "time": 534.3900001049042}
