{"rmseUlt": 0.005247788199445064, "trainSample": 402, "scale": 0.03125, "rmseTrain": 0.004836791028355542, "time": 173.0130000114441}
{"rmseUlt": 0.0052925543383234635, "trainSample": 456, "scale": 0.25, "rmseTrain": 0.004990137508939488, "time": 281.1289999485016}
{"rmseUlt": 0.00531137871464159, "trainSample": 510, "scale": 0.125, "rmseTrain": 0.004877670205353111, "time": 442.4869999885559}
{"rmseUlt": 0.005188852696677686, "trainSample": 536, "scale": 0.015625, "rmseTrain": 0.004940493877794713, "time": 536.1129999160767}
{"rmseUlt": 0.00508580892514632, "trainSample": 536, "scale": 0.125, "rmseTrain": 0.004754871284998635, "time": 545.0169999599457}
{"rmseUlt": 0.005132842522290289, "trainSample": 536, "scale": 0.125, "rmseTrain": 0.004786902346183224, "time": 537.3389999866486}
{"rmseUlt": 0.005133444434879575, "trainSample": 536, "scale": 0.0625, "rmseTrain": 0.004786556011915396, "time": 543.6610000133514}
