{"rmseUlt": 0.005266901750456971, "trainSample": 402, "scale": 0.0625, "rmseTrain": 0.004737294247618413, "time": 175.8710000514984}
{"rmseUlt": 0.005177200816733294, "trainSample": 456, "scale": 0.25, "rmseTrain": 0.004691391764799567, "time": 276.9670000076294}
{"rmseUlt": 0.005222633222568688, "trainSample": 510, "scale": 0.25, "rmseTrain": 0.004866195615292936, "time": 436.2539999485016}
{"rmseUlt": 0.005119993045792722, "trainSample": 536, "scale": 0.0625, "rmseTrain": 0.0047759925789900935, "time": 538.0750000476837}
{"rmseUlt": 0.005135254567991633, "trainSample": 536, "scale": 0.125, "rmseTrain": 0.004788483654184528, "time": 543.7070000171661}
{"rmseUlt": 0.005142801681036786, "trainSample": 536, "scale": 0.125, "rmseTrain": 0.004775004741610068, "time": 540.3789999485016}
{"rmseUlt": 0.005167476706726162, "trainSample": 536, "scale": 0.03125, "rmseTrain": 0.004845782862384627, "time": 540.287999868393}
