{"rmseUlt": 0.005241838783617816, "trainSample": 402, "scale": 0.0625, "rmseTrain": 0.00472151266615034, "time": 174.51600003242493}
{"rmseUlt": 0.005164170057974916, "trainSample": 456, "scale": 0.125, "rmseTrain": 0.0046831674991234295, "time": 282.5130000114441}
{"rmseUlt": 0.005326582368447663, "trainSample": 510, "scale": 0.0625, "rmseTrain": 0.005130195661476027, "time": 443.78200006484985}
{"rmseUlt": 0.005128685856384863, "trainSample": 536, "scale": 0.0625, "rmseTrain": 0.004782545693143565, "time": 534.7169997692108}
{"rmseUlt": 0.005178189697333169, "trainSample": 536, "scale": 0.0625, "rmseTrain": 0.004848099450857515, "time": 537.0120000839233}
{"rmseUlt": 0.005125548850962915, "trainSample": 536, "scale": 0.125, "rmseTrain": 0.004764121078037276, "time": 535.3919999599457}
{"rmseUlt": 0.0051897885162918, "trainSample": 536, "scale": 0.0625, "rmseTrain": 0.004849000860897436, "time": 542.0620000362396}
