{"rmseUlt": 0.00529119306303029, "trainSample": 402, "scale": 0.0625, "rmseTrain": 0.0049041487315709675, "time": 276.47300004959106}
{"rmseUlt": 0.0051978453410708005, "trainSample": 456, "scale": 0.125, "rmseTrain": 0.00474725697390984, "time": 428.59999990463257}
{"rmseUlt": 0.005244244602069393, "trainSample": 510, "scale": 0.125, "rmseTrain": 0.005000922418437206, "time": 724.3480000495911}
{"rmseUlt": 0.005139648344594018, "trainSample": 536, "scale": 0.25, "rmseTrain": 0.004831772570618646, "time": 859.8259999752045}
{"rmseUlt": 0.005151837285229121, "trainSample": 536, "scale": 0.125, "rmseTrain": 0.004782416898078114, "time": 859.1319999694824}
{"rmseUlt": 0.005157588753044853, "trainSample": 536, "scale": 0.125, "rmseTrain": 0.004808885479195874, "time": 876.5859999656677}
{"rmseUlt": 0.005150471064704272, "trainSample": 536, "scale": 0.0625, "rmseTrain": 0.004781081076341044, "time": 863.8910000324249}
