{"rmseUlt": 0.005244359251963634, "trainSample": 402, "scale": 0.0625, "rmseTrain": 0.0046824422519404375, "time": 174.38500022888184}
{"rmseUlt": 0.005208724139112153, "trainSample": 456, "scale": 0.125, "rmseTrain": 0.004749104521008881, "time": 282.21599984169006}
{"rmseUlt": 0.005232009792955337, "trainSample": 510, "scale": 0.03125, "rmseTrain": 0.00492194317439643, "time": 444.5069999694824}
{"rmseUlt": 0.005092274288238261, "trainSample": 536, "scale": 0.125, "rmseTrain": 0.004768720807562377, "time": 538.9649999141693}
{"rmseUlt": 0.005190645327951734, "trainSample": 536, "scale": 0.03125, "rmseTrain": 0.004857603060157665, "time": 539.1730000972748}
{"rmseUlt": 0.005107752438955839, "trainSample": 536, "scale": 0.125, "rmseTrain": 0.004767528783212731, "time": 544.0789999961853}
{"rmseUlt": 0.0051861145341782254, "trainSample": 536, "scale": 0.0625, "rmseTrain": 0.004845958729228617, "time": 548.1119999885559}
