{"rmseUlt": 0.0057674080196997825, "trainSample": 402, "scale": 0.5, "rmseTrain": 0.004498273927762398, "time": 175.08100008964539}
{"rmseUlt": 0.005211357731247541, "trainSample": 456, "scale": 0.25, "rmseTrain": 0.004729174355037609, "time": 279.7760000228882}
{"rmseUlt": 0.005155981831938438, "trainSample": 510, "scale": 0.125, "rmseTrain": 0.0047894493035718555, "time": 441.3550000190735}
{"rmseUlt": 0.005113680991405436, "trainSample": 536, "scale": 0.125, "rmseTrain": 0.004739648255449796, "time": 542.055999994278}
{"rmseUlt": 0.005157276331706429, "trainSample": 536, "scale": 0.0625, "rmseTrain": 0.0048082145293539226, "time": 537.8239998817444}
{"rmseUlt": 0.005178911524079196, "trainSample": 536, "scale": 0.0625, "rmseTrain": 0.004906225239552331, "time": 535.3680000305176}
{"rmseUlt": 0.005119589138161713, "trainSample": 536, "scale": 0.0625, "rmseTrain": 0.004775594957694378, "time": 548.3429999351501}
