{"rmseUlt": 0.005251772743210188, "trainSample": 402, "scale": 0.0625, "rmseTrain": 0.004728794813903627, "time": 258.789999961853}
{"rmseUlt": 0.005198044812407812, "trainSample": 456, "scale": 0.0625, "rmseTrain": 0.00474618808456847, "time": 449.2460000514984}
{"rmseUlt": 0.005229483166161675, "trainSample": 510, "scale": 0.0625, "rmseTrain": 0.004923714225102904, "time": 719.9479999542236}
{"rmseUlt": 0.005190381597661703, "trainSample": 536, "scale": 0.0625, "rmseTrain": 0.004865063602444679, "time": 887.5309998989105}
{"rmseUlt": 0.005197362893961212, "trainSample": 536, "scale": 0.0625, "rmseTrain": 0.004951192156655212, "time": 560.3150000572205}
{"rmseUlt": 0.005176825557299687, "trainSample": 536, "scale": 0.03125, "rmseTrain": 0.004848145916029086, "time": 534.5390000343323}
{"rmseUlt": 0.00520664183264171, "trainSample": 536, "scale": 0.03125, "rmseTrain": 0.004951973912277041, "time": 539.1170001029968}
