{"rmseUlt": 0.005528504592584281, "trainSample": 78, "scale": 0.0625, "rmseTrain": 0.0011844054784916236, "time": 30.85599994659424}
{"rmseUlt": 0.005129290780489407, "trainSample": 94, "scale": 0.015625, "rmseTrain": 0.0012085333581250872, "time": 43.12600016593933}
{"rmseUlt": 0.005237531310628729, "trainSample": 110, "scale": 0.015625, "rmseTrain": 0.001104958491344014, "time": 46.82799983024597}
{"rmseUlt": 0.00526985607796196, "trainSample": 126, "scale": 0.03125, "rmseTrain": 0.0010558770393965895, "time": 58.42199993133545}
{"rmseUlt": 0.005374033313585988, "trainSample": 141, "scale": 0.03125, "rmseTrain": 0.0019618346336201724, "time": 64.50300002098083}
{"rmseUlt": 0.0052991517040032465, "trainSample": 157, "scale": 0.03125, "rmseTrain": 0.0018710139509480396, "time": 71.39499998092651}
{"rmseUlt": 0.00535887417299318, "trainSample": 173, "scale": 0.0625, "rmseTrain": 0.0017790481939067501, "time": 82.83999991416931}
{"rmseUlt": 0.0052505064542618, "trainSample": 189, "scale": 0.015625, "rmseTrain": 0.0017311675541088279, "time": 91.0809998512268}
