{"rmseUlt": 0.005376698602040838, "trainSample": 78, "scale": 0.03125, "rmseTrain": 0.0012101417812111158, "time": 32.276000022888184}
{"rmseUlt": 0.00522624165826846, "trainSample": 94, "scale": 0.03125, "rmseTrain": 0.0011284693464684078, "time": 43.593000173568726}
{"rmseUlt": 0.005162639608594642, "trainSample": 110, "scale": 0.015625, "rmseTrain": 0.001067333423773786, "time": 47.49600005149841}
{"rmseUlt": 0.005211121878730549, "trainSample": 126, "scale": 0.03125, "rmseTrain": 0.0010051532032095355, "time": 56.53099989891052}
{"rmseUlt": 0.0053088351531507955, "trainSample": 141, "scale": 0.00390625, "rmseTrain": 0.0019878149085093763, "time": 58.76300001144409}
{"rmseUlt": 0.0053163517762609405, "trainSample": 157, "scale": 0.015625, "rmseTrain": 0.0018986476988325693, "time": 75.97500014305115}
{"rmseUlt": 0.005412027217909574, "trainSample": 173, "scale": 0.03125, "rmseTrain": 0.001819350090633399, "time": 78.74600005149841}
{"rmseUlt": 0.005255972879890294, "trainSample": 189, "scale": 0.03125, "rmseTrain": 0.0017303536628455155, "time": 94.98800015449524}
