{"rmseUlt": 0.0053683308061903455, "trainSample": 78, "scale": 0.03125, "rmseTrain": 0.0012293659709232425, "time": 37.91699981689453}
{"rmseUlt": 0.005190184747171314, "trainSample": 94, "scale": 0.015625, "rmseTrain": 0.0010905091189798667, "time": 40.67500019073486}
{"rmseUlt": 0.005207262000842431, "trainSample": 110, "scale": 0.015625, "rmseTrain": 0.001087405912088315, "time": 46.76600003242493}
{"rmseUlt": 0.00518497290507475, "trainSample": 126, "scale": 0.015625, "rmseTrain": 0.001020303558379349, "time": 57.96600008010864}
{"rmseUlt": 0.005404196382895406, "trainSample": 141, "scale": 0.015625, "rmseTrain": 0.002033335287428056, "time": 63.251999855041504}
{"rmseUlt": 0.005232263928851732, "trainSample": 157, "scale": 0.015625, "rmseTrain": 0.0019266758018812687, "time": 72.10500001907349}
{"rmseUlt": 0.0052385864615145375, "trainSample": 173, "scale": 0.015625, "rmseTrain": 0.0017905614174019444, "time": 71.95600008964539}
{"rmseUlt": 0.005304466956186769, "trainSample": 189, "scale": 0.03125, "rmseTrain": 0.0017572537517754282, "time": 90.53500008583069}
