{"rmseUlt": 0.005270134300877081, "trainSample": 78, "scale": 0.03125, "rmseTrain": 0.0012012479976538024, "time": 29.895000219345093}
{"rmseUlt": 0.005180635206542773, "trainSample": 94, "scale": 0.015625, "rmseTrain": 0.0011239976004440684, "time": 39.1489999294281}
{"rmseUlt": 0.005137257751200151, "trainSample": 110, "scale": 0.015625, "rmseTrain": 0.0010795145191793852, "time": 45.82299995422363}
{"rmseUlt": 0.005206492348710554, "trainSample": 126, "scale": 0.03125, "rmseTrain": 0.0009965205307968293, "time": 52.65899991989136}
{"rmseUlt": 0.005291768970557312, "trainSample": 141, "scale": 0.015625, "rmseTrain": 0.0019492954720968497, "time": 57.89100003242493}
{"rmseUlt": 0.005288428360365611, "trainSample": 157, "scale": 0.015625, "rmseTrain": 0.0019018078101247767, "time": 69.34000015258789}
{"rmseUlt": 0.0052974547906593505, "trainSample": 173, "scale": 0.015625, "rmseTrain": 0.0018093547633556706, "time": 68.73200011253357}
{"rmseUlt": 0.005202504757517161, "trainSample": 189, "scale": 0.0078125, "rmseTrain": 0.0017336882738894898, "time": 85.08899998664856}
