{"rmseUlt": 0.005329091889717976, "trainSample": 78, "scale": 0.03125, "rmseTrain": 0.001183548612863186, "time": 31.896999835968018}
{"rmseUlt": 0.005490359663224873, "trainSample": 94, "scale": 0.0625, "rmseTrain": 0.0012111443971948024, "time": 32.13499999046326}
{"rmseUlt": 0.005199817418034204, "trainSample": 110, "scale": 0.015625, "rmseTrain": 0.0012043224502860878, "time": 39.51100015640259}
{"rmseUlt": 0.00513198410561527, "trainSample": 126, "scale": 0.015625, "rmseTrain": 0.0011023422740297111, "time": 49.668999910354614}
{"rmseUlt": 0.00535452569725434, "trainSample": 141, "scale": 0.03125, "rmseTrain": 0.0019517472260456386, "time": 57.508999824523926}
{"rmseUlt": 0.005307743246206344, "trainSample": 157, "scale": 0.015625, "rmseTrain": 0.001884910039640457, "time": 68.58399987220764}
{"rmseUlt": 0.005334447290306968, "trainSample": 173, "scale": 0.03125, "rmseTrain": 0.0017971764401123703, "time": 76.43299984931946}
{"rmseUlt": 0.0052869394571072635, "trainSample": 189, "scale": 0.03125, "rmseTrain": 0.001723370169517438, "time": 89.72900009155273}
