{"rmseUlt": 0.00534730654180591, "trainSample": 78, "scale": 0.03125, "rmseTrain": 0.0012127965889417885, "time": 30.19700002670288}
{"rmseUlt": 0.005108479517848048, "trainSample": 94, "scale": 0.015625, "rmseTrain": 0.0012021114717661477, "time": 34.1010000705719}
{"rmseUlt": 0.005130640225178843, "trainSample": 110, "scale": 0.015625, "rmseTrain": 0.0010873063730653357, "time": 44.7189998626709}
{"rmseUlt": 0.0052027075142487686, "trainSample": 126, "scale": 0.015625, "rmseTrain": 0.001093924074140314, "time": 52.53500008583069}
{"rmseUlt": 0.005220967597465665, "trainSample": 141, "scale": 0.0078125, "rmseTrain": 0.0019862168190163012, "time": 58.200000047683716}
{"rmseUlt": 0.005238501944152425, "trainSample": 157, "scale": 0.03125, "rmseTrain": 0.0018738247769773343, "time": 66.84400010108948}
{"rmseUlt": 0.00529332980573925, "trainSample": 173, "scale": 0.015625, "rmseTrain": 0.0018274159192067162, "time": 74.06599998474121}
{"rmseUlt": 0.005211310579326896, "trainSample": 189, "scale": 0.015625, "rmseTrain": 0.0017298771974271832, "time": 85.2960000038147}
