{"rmseUlt": 0.00520872784277358, "trainSample": 78, "scale": 0.03125, "rmseTrain": 0.0011653099157990828, "time": 22.01099991798401}
{"rmseUlt": 0.005264627610364227, "trainSample": 94, "scale": 0.015625, "rmseTrain": 0.0010854347706700615, "time": 26.051000118255615}
{"rmseUlt": 0.005241662452952213, "trainSample": 110, "scale": 0.03125, "rmseTrain": 0.0010707700420037028, "time": 31.227999925613403}
{"rmseUlt": 0.0053490927833222115, "trainSample": 126, "scale": 0.03125, "rmseTrain": 0.0011258350223139213, "time": 36.996999979019165}
{"rmseUlt": 0.0052984145170487185, "trainSample": 141, "scale": 0.03125, "rmseTrain": 0.0019459134782231708, "time": 39.88600015640259}
{"rmseUlt": 0.005370969494457558, "trainSample": 157, "scale": 0.03125, "rmseTrain": 0.001915205712529491, "time": 46.26099991798401}
{"rmseUlt": 0.0052723942715431245, "trainSample": 173, "scale": 0.015625, "rmseTrain": 0.0017814154884639797, "time": 50.638999938964844}
{"rmseUlt": 0.005243046500844002, "trainSample": 189, "scale": 0.015625, "rmseTrain": 0.0017317246966729624, "time": 57.31099987030029}
