{"rmseUlt": 0.005189722700229475, "trainSample": 78, "scale": 0.03125, "rmseTrain": 0.0011991327589486555, "time": 25.978000164031982}
{"rmseUlt": 0.005153964909714549, "trainSample": 94, "scale": 0.015625, "rmseTrain": 0.0010568137085730234, "time": 33.64099979400635}
{"rmseUlt": 0.005232743227598545, "trainSample": 110, "scale": 0.03125, "rmseTrain": 0.0011258191644343823, "time": 39.39900016784668}
{"rmseUlt": 0.005211062603599302, "trainSample": 126, "scale": 0.03125, "rmseTrain": 0.0010541272614314654, "time": 46.526000022888184}
{"rmseUlt": 0.005298031498713705, "trainSample": 141, "scale": 0.015625, "rmseTrain": 0.0019741212933923617, "time": 52.89900016784668}
{"rmseUlt": 0.0054029737318757294, "trainSample": 157, "scale": 0.03125, "rmseTrain": 0.0018790117940856593, "time": 61.60800004005432}
{"rmseUlt": 0.005219626748280425, "trainSample": 173, "scale": 0.0078125, "rmseTrain": 0.0018315152251227125, "time": 72.20499992370605}
{"rmseUlt": 0.005290954795780449, "trainSample": 189, "scale": 0.015625, "rmseTrain": 0.0017191061229951995, "time": 85.72000002861023}
