{"rmseUlt": 0.005428314972479812, "trainSample": 78, "scale": 0.03125, "rmseTrain": 0.0011553733422620905, "time": 22.41700005531311}
{"rmseUlt": 0.005202114137338709, "trainSample": 94, "scale": 0.03125, "rmseTrain": 0.0010813279050809752, "time": 26.223000049591064}
{"rmseUlt": 0.005127862177172318, "trainSample": 110, "scale": 0.015625, "rmseTrain": 0.0010541117235887691, "time": 30.941999912261963}
{"rmseUlt": 0.0051830599504706625, "trainSample": 126, "scale": 0.03125, "rmseTrain": 0.0010148190313545833, "time": 35.11899995803833}
{"rmseUlt": 0.005351230672749236, "trainSample": 141, "scale": 0.03125, "rmseTrain": 0.001996931254469133, "time": 38.751999855041504}
{"rmseUlt": 0.005247401053210568, "trainSample": 157, "scale": 0.015625, "rmseTrain": 0.0019031083553861603, "time": 44.49500012397766}
{"rmseUlt": 0.005356148239607495, "trainSample": 173, "scale": 0.015625, "rmseTrain": 0.0018331077450295075, "time": 50.443000078201294}
{"rmseUlt": 0.005185604206352856, "trainSample": 189, "scale": 0.0078125, "rmseTrain": 0.0017363596625137557, "time": 56.125}
