{"rmseUlt": 0.005113319656471978, "trainSample": 78, "scale": 0.015625, "rmseTrain": 0.001228694896453121, "time": 22.58899998664856}
{"rmseUlt": 0.00519088436092419, "trainSample": 94, "scale": 0.015625, "rmseTrain": 0.00117232050992313, "time": 27.026000022888184}
{"rmseUlt": 0.005301754957787578, "trainSample": 110, "scale": 0.03125, "rmseTrain": 0.0011188024685167657, "time": 30.7260000705719}
{"rmseUlt": 0.005297751111600829, "trainSample": 126, "scale": 0.03125, "rmseTrain": 0.0010828536962382677, "time": 36.18600010871887}
{"rmseUlt": 0.005283596997682681, "trainSample": 141, "scale": 0.015625, "rmseTrain": 0.0019508731791101732, "time": 39.69000005722046}
{"rmseUlt": 0.005397397933069968, "trainSample": 157, "scale": 0.03125, "rmseTrain": 0.001885151424480662, "time": 45.82800006866455}
{"rmseUlt": 0.005265631788217364, "trainSample": 173, "scale": 0.0078125, "rmseTrain": 0.0017877794421758877, "time": 51.187000036239624}
{"rmseUlt": 0.00530690032264404, "trainSample": 189, "scale": 0.015625, "rmseTrain": 0.0017294231176401497, "time": 55.746999979019165}
