{"rmseUlt": 0.03401876122505117, "trainSample": 75, "scale": 2048, "rmseTrain": 0.0007625077518895957, "time": 13.56000018119812}
{"rmseUlt": 0.023277241743144036, "trainSample": 93, "scale": 2048, "rmseTrain": 0.016055344312994223, "time": 13.7739999294281}
{"rmseUlt": 0.03230207800616101, "trainSample": 112, "scale": 4096, "rmseTrain": 0.00038127218748098304, "time": 17.70799994468689}
{"rmseUlt": 0.011497269704337473, "trainSample": 131, "scale": 2048, "rmseTrain": 0.00037987727329693677, "time": 21.888000011444092}
{"rmseUlt": 0.018394595003764152, "trainSample": 150, "scale": 2048, "rmseTrain": 0.0004288526241542425, "time": 21.22100019454956}
{"rmseUlt": 0.02148400492884324, "trainSample": 168, "scale": 1024, "rmseTrain": 0.003103344780949998, "time": 28.84499979019165}
{"rmseUlt": 0.0037503842799692056, "trainSample": 187, "scale": 2048, "rmseTrain": 0.00025178939911393465, "time": 28.865999937057495}
{"rmseUlt": 0.018423214273582577, "trainSample": 206, "scale": 1024, "rmseTrain": 0.002586595169384464, "time": 35.52500009536743}
{"rmseUlt": 0.0004740076780369139, "trainSample": 225, "scale": 2048, "rmseTrain": 0.0001868192827001355, "time": 39.19099998474121}
