{"rmseUlt": 0.036840759649174264, "trainSample": 75, "scale": 2048, "rmseTrain": 0.0030682914395045034, "time": 13.323999881744385}
{"rmseUlt": 0.027391951204821446, "trainSample": 93, "scale": 4096, "rmseTrain": 0.0018929234036945194, "time": 13.248000144958496}
{"rmseUlt": 0.029699922312107198, "trainSample": 112, "scale": 2048, "rmseTrain": 0.007336685856996092, "time": 15.47000002861023}
{"rmseUlt": 0.007816782885159952, "trainSample": 131, "scale": 8192, "rmseTrain": 0.00022772816448724662, "time": 18.181999921798706}
{"rmseUlt": 0.010247735112553134, "trainSample": 150, "scale": 2048, "rmseTrain": 0.0002121996431611589, "time": 25.485999822616577}
{"rmseUlt": 0.005742347549649704, "trainSample": 168, "scale": 4096, "rmseTrain": 0.00028005437341367575, "time": 24.35099983215332}
{"rmseUlt": 0.011265783465369909, "trainSample": 187, "scale": 2048, "rmseTrain": 0.0015251967105540812, "time": 32.97199988365173}
{"rmseUlt": 0.0012656817157106225, "trainSample": 206, "scale": 2048, "rmseTrain": 0.0001551411482478669, "time": 32.37899994850159}
{"rmseUlt": 0.0012505501845898664, "trainSample": 225, "scale": 2048, "rmseTrain": 0.0003780735285142633, "time": 36.44199991226196}
