{"rmseUlt": 0.041755356287673406, "trainSample": 75, "scale": 2048, "rmseTrain": 0.00047349341677150995, "time": 13.233999967575073}
{"rmseUlt": 0.01940249479203561, "trainSample": 93, "scale": 2048, "rmseTrain": 0.004988854661562231, "time": 14.805000066757202}
{"rmseUlt": 0.021390773579191582, "trainSample": 112, "scale": 1024, "rmseTrain": 0.01102072693180717, "time": 15.773000001907349}
{"rmseUlt": 0.01378174338208613, "trainSample": 131, "scale": 2048, "rmseTrain": 0.004044269150342224, "time": 22.240000009536743}
{"rmseUlt": 0.013308791966001413, "trainSample": 150, "scale": 2048, "rmseTrain": 0.0018336149812534584, "time": 23.788000106811523}
{"rmseUlt": 0.0052097353556528414, "trainSample": 168, "scale": 2048, "rmseTrain": 0.00047905126537207157, "time": 27.116999864578247}
{"rmseUlt": 0.010579636251629677, "trainSample": 187, "scale": 4096, "rmseTrain": 0.00012595897807118184, "time": 29.240000009536743}
{"rmseUlt": 0.00043665347833406903, "trainSample": 206, "scale": 2048, "rmseTrain": 0.00021277378341625475, "time": 35.376999855041504}
{"rmseUlt": 0.004256576176148285, "trainSample": 225, "scale": 2048, "rmseTrain": 0.0006547962249425732, "time": 35.41699981689453}
