{"rmseUlt": 0.040642980160038804, "trainSample": 75, "scale": 2048, "rmseTrain": 0.0007281533939916061, "time": 11.223999977111816}
{"rmseUlt": 0.016349786072250617, "trainSample": 93, "scale": 2048, "rmseTrain": 0.003447933690899451, "time": 13.266000032424927}
{"rmseUlt": 0.024149780097324665, "trainSample": 112, "scale": 1024, "rmseTrain": 0.013059134357165861, "time": 19.140999794006348}
{"rmseUlt": 0.004379610802369075, "trainSample": 131, "scale": 4096, "rmseTrain": 6.345227085760185e-05, "time": 20.35800004005432}
{"rmseUlt": 0.02269698733424003, "trainSample": 150, "scale": 1024, "rmseTrain": 0.0034082851548017305, "time": 24.667999982833862}
{"rmseUlt": 0.008835336807543543, "trainSample": 168, "scale": 2048, "rmseTrain": 0.00029128375638811516, "time": 28.119999885559082}
{"rmseUlt": 0.01800397645121348, "trainSample": 187, "scale": 4096, "rmseTrain": 0.0002359923006893937, "time": 30.11299991607666}
{"rmseUlt": 0.007607179110979398, "trainSample": 206, "scale": 2048, "rmseTrain": 0.0002794862179438056, "time": 34.306999921798706}
{"rmseUlt": 0.001513319561764644, "trainSample": 225, "scale": 2048, "rmseTrain": 0.0004789277607822819, "time": 40.04100012779236}
