{"rmseUlt": 0.016277437198325077, "trainSample": 75, "scale": 2048, "rmseTrain": 0.0006201743283689083, "time": 10.723000049591064}
{"rmseUlt": 0.04049400027132564, "trainSample": 93, "scale": 4096, "rmseTrain": 0.0009610392341617753, "time": 13.464999914169312}
{"rmseUlt": 0.02355237125406671, "trainSample": 112, "scale": 2048, "rmseTrain": 0.0032704825824196354, "time": 16.050000190734863}
{"rmseUlt": 0.023126600109195893, "trainSample": 131, "scale": 4096, "rmseTrain": 0.00029258610599216107, "time": 21.461999893188477}
{"rmseUlt": 0.043204755197997706, "trainSample": 150, "scale": 1024, "rmseTrain": 0.02263074761205913, "time": 21.64800000190735}
{"rmseUlt": 0.004808165469829777, "trainSample": 168, "scale": 2048, "rmseTrain": 0.00022599350862103636, "time": 28.693000078201294}
{"rmseUlt": 0.015174795039577261, "trainSample": 187, "scale": 4096, "rmseTrain": 0.00040459646327374154, "time": 28.67200016975403}
{"rmseUlt": 0.003469502013458835, "trainSample": 206, "scale": 4096, "rmseTrain": 0.0001693884663404063, "time": 34.132999897003174}
{"rmseUlt": 0.003600528147668626, "trainSample": 225, "scale": 4096, "rmseTrain": 0.0003380546867492495, "time": 37.753000020980835}
