{"rmseUlt": 0.014158993792539213, "trainSample": 75, "scale": 4096, "rmseTrain": 0.00010532823879880319, "time": 10.811000108718872}
{"rmseUlt": 0.024907147344632227, "trainSample": 93, "scale": 2048, "rmseTrain": 0.0016004818223914333, "time": 15.346999883651733}
{"rmseUlt": 0.029578705873219344, "trainSample": 112, "scale": 1024, "rmseTrain": 0.012509044431764949, "time": 18.430000066757202}
{"rmseUlt": 0.012545796429899747, "trainSample": 131, "scale": 2048, "rmseTrain": 0.0003878992277127598, "time": 18.02300000190735}
{"rmseUlt": 0.01565159856734489, "trainSample": 150, "scale": 4096, "rmseTrain": 0.00023375561721093364, "time": 25.598000049591064}
{"rmseUlt": 0.0012186503643787706, "trainSample": 168, "scale": 2048, "rmseTrain": 0.000196368281047936, "time": 26.125}
{"rmseUlt": 0.022327966054753057, "trainSample": 187, "scale": 4096, "rmseTrain": 0.0002212129151672834, "time": 32.44999980926514}
{"rmseUlt": 0.011676125809231807, "trainSample": 206, "scale": 2048, "rmseTrain": 0.0005229890877143391, "time": 32.8439998626709}
{"rmseUlt": 0.001576824846478761, "trainSample": 225, "scale": 2048, "rmseTrain": 0.0002735352443291206, "time": 36.91800022125244}
