{"rmseUlt": 0.0438187908452719, "trainSample": 75, "scale": 1024, "rmseTrain": 0.014274280717570129, "time": 11.586999893188477}
{"rmseUlt": 0.008487468995040486, "trainSample": 93, "scale": 2048, "rmseTrain": 0.00042806011880100486, "time": 13.233000040054321}
{"rmseUlt": 0.02255194275357313, "trainSample": 112, "scale": 2048, "rmseTrain": 0.00017264330569719764, "time": 19.276999950408936}
{"rmseUlt": 0.039989322278999186, "trainSample": 131, "scale": 4096, "rmseTrain": 0.0002526194674654979, "time": 19.302000045776367}
{"rmseUlt": 0.025083660407359872, "trainSample": 150, "scale": 4096, "rmseTrain": 0.00017005423374163366, "time": 24.203999996185303}
{"rmseUlt": 0.005255610953762991, "trainSample": 168, "scale": 2048, "rmseTrain": 0.0006536846112755461, "time": 26.08899998664856}
{"rmseUlt": 0.006539300872375542, "trainSample": 187, "scale": 2048, "rmseTrain": 0.00014965750469537719, "time": 31.677000045776367}
{"rmseUlt": 0.021470021962728448, "trainSample": 206, "scale": 1024, "rmseTrain": 0.002714522859711382, "time": 34.151999950408936}
{"rmseUlt": 0.0011700051876369906, "trainSample": 225, "scale": 2048, "rmseTrain": 0.00018272945752480533, "time": 36.698999881744385}
