{"rmseUlt": 0.03769239284590286, "trainSample": 75, "scale": 4096, "rmseTrain": 0.00013759836814112246, "time": 11.39300012588501}
{"rmseUlt": 0.04127697318418798, "trainSample": 93, "scale": 4096, "rmseTrain": 0.014404196143673052, "time": 13.69599986076355}
{"rmseUlt": 0.013087402489574605, "trainSample": 112, "scale": 2048, "rmseTrain": 0.008450657908735035, "time": 19.236000061035156}
{"rmseUlt": 0.040868098123651234, "trainSample": 131, "scale": 4096, "rmseTrain": 0.0003467540914214969, "time": 19.996000051498413}
{"rmseUlt": 0.020481724737826293, "trainSample": 150, "scale": 4096, "rmseTrain": 0.0008248561496752444, "time": 24.34999990463257}
{"rmseUlt": 0.018098776903938265, "trainSample": 168, "scale": 4096, "rmseTrain": 0.0003084914266845151, "time": 27.950999975204468}
{"rmseUlt": 0.00461766602607742, "trainSample": 187, "scale": 2048, "rmseTrain": 0.00022239596578078275, "time": 28.27900004386902}
{"rmseUlt": 0.002063168230511633, "trainSample": 206, "scale": 2048, "rmseTrain": 0.00037635160429822705, "time": 32.6010000705719}
{"rmseUlt": 0.0011620688951881537, "trainSample": 225, "scale": 4096, "rmseTrain": 0.0001014348153737817, "time": 37.56599998474121}
