{"rmseUlt": 0.018376027502957592, "trainSample": 75, "scale": 4096, "rmseTrain": 2.9790173336925743e-05, "time": 9.960999965667725}
{"rmseUlt": 0.032144555836404215, "trainSample": 93, "scale": 4096, "rmseTrain": 0.0015324999651217543, "time": 13.560999870300293}
{"rmseUlt": 0.025361125543905124, "trainSample": 112, "scale": 2048, "rmseTrain": 0.0006669614702238093, "time": 15.625}
{"rmseUlt": 0.02222700083353567, "trainSample": 131, "scale": 2048, "rmseTrain": 0.002392514633443933, "time": 18.674000024795532}
{"rmseUlt": 0.015009835525765786, "trainSample": 150, "scale": 4096, "rmseTrain": 0.0008281265649373481, "time": 21.352999925613403}
{"rmseUlt": 0.005060822311155505, "trainSample": 168, "scale": 2048, "rmseTrain": 0.0008519418168808603, "time": 24.348000049591064}
{"rmseUlt": 0.015857046658413233, "trainSample": 187, "scale": 4096, "rmseTrain": 0.00010849756191391717, "time": 31.062000036239624}
{"rmseUlt": 0.007749517529588464, "trainSample": 206, "scale": 4096, "rmseTrain": 0.0002558721513457669, "time": 35.25}
{"rmseUlt": 0.0014869458735163928, "trainSample": 225, "scale": 2048, "rmseTrain": 0.00014942406428944578, "time": 35.85899996757507}
