{"rmseUlt": 0.036187309753060545, "trainSample": 75, "scale": 2048, "rmseTrain": 0.003366430602782761, "time": 10.686000108718872}
{"rmseUlt": 0.04973009876923405, "trainSample": 93, "scale": 8192, "rmseTrain": 0.0008224349985164312, "time": 13.89299988746643}
{"rmseUlt": 0.029426147727717913, "trainSample": 112, "scale": 2048, "rmseTrain": 0.0005906051990786184, "time": 19.25100016593933}
{"rmseUlt": 0.034720305642105695, "trainSample": 131, "scale": 2048, "rmseTrain": 0.0018676572460113968, "time": 18.786999940872192}
{"rmseUlt": 0.006304857091851941, "trainSample": 150, "scale": 2048, "rmseTrain": 0.0001924097370202869, "time": 25.757999897003174}
{"rmseUlt": 0.001522418424029802, "trainSample": 168, "scale": 4096, "rmseTrain": 0.00013753220555580797, "time": 24.977999925613403}
{"rmseUlt": 0.004997192611558933, "trainSample": 187, "scale": 2048, "rmseTrain": 0.00039650278562140194, "time": 32.99399995803833}
{"rmseUlt": 0.0008867827175341905, "trainSample": 206, "scale": 2048, "rmseTrain": 0.00028291868378772865, "time": 33.632999897003174}
{"rmseUlt": 0.0009123305281926024, "trainSample": 225, "scale": 2048, "rmseTrain": 0.000335842157884746, "time": 35.98299980163574}
