{"mseTrain": 141.03636143720743, "rmseTrain": 11.875873081049976, "mseUlt": 261.68778363314806, "time": 0.004999876022338867, "trainRate": 0.16558441558441558, "rmseUlt": 16.17676678552139}
{"mseTrain": 129.62466234423425, "rmseTrain": 11.385282708138355, "mseUlt": 232.61150924831048, "time": 0.005000114440917969, "trainRate": 0.23863636363636365, "rmseUlt": 15.251606775953492}
{"mseTrain": 104.70008394526869, "rmseTrain": 10.232305895802211, "mseUlt": 218.50161171222376, "time": 0.00599980354309082, "trainRate": 0.3116883116883117, "rmseUlt": 14.781800015973149}
{"mseTrain": 100.68332948701887, "rmseTrain": 10.034108305525653, "mseUlt": 209.67082350201628, "time": 0.006000041961669922, "trainRate": 0.3847402597402597, "rmseUlt": 14.480014623681024}
{"mseTrain": 106.81701836988802, "rmseTrain": 10.335231897247784, "mseUlt": 200.97521742692652, "time": 0.006999969482421875, "trainRate": 0.4577922077922078, "rmseUlt": 14.17657283785212}
{"mseTrain": 112.02434461620902, "rmseTrain": 10.58415535676839, "mseUlt": 193.20715919311886, "time": 0.006999969482421875, "trainRate": 0.5308441558441559, "rmseUlt": 13.899897812326493}
{"mseTrain": 109.88141693853657, "rmseTrain": 10.482433731654906, "mseUlt": 194.9031600431243, "time": 0.009000062942504883, "trainRate": 0.6038961038961039, "rmseUlt": 13.960772186491845}
{"mseTrain": 104.1806827791371, "rmseTrain": 10.206893884974855, "mseUlt": 191.56188555584248, "time": 0.009999990463256836, "trainRate": 0.676948051948052, "rmseUlt": 13.840588338500734}
{"mseTrain": 117.33231716455293, "rmseTrain": 10.832004300430873, "mseUlt": 176.9524142315356, "time": 0.010999917984008789, "trainRate": 0.75, "rmseUlt": 13.302346192741174}
