{"rmseUlt": 0.005390303402358143, "trainSample": 78, "scale": 0.03125, "rmseTrain": 0.0011751027211327873, "time": 32.89800000190735}
{"rmseUlt": 0.005209212412269033, "trainSample": 94, "scale": 0.03125, "rmseTrain": 0.0010923231112816483, "time": 38.75800013542175}
{"rmseUlt": 0.0051305696204944655, "trainSample": 110, "scale": 0.015625, "rmseTrain": 0.0011321383687117935, "time": 43.30399990081787}
{"rmseUlt": 0.005105348628397304, "trainSample": 126, "scale": 0.03125, "rmseTrain": 0.0011462446988589198, "time": 52.430999994277954}
{"rmseUlt": 0.005330961863389323, "trainSample": 141, "scale": 0.03125, "rmseTrain": 0.001988085137937555, "time": 54.03200006484985}
{"rmseUlt": 0.005490297879366465, "trainSample": 157, "scale": 0.0625, "rmseTrain": 0.0018932097087589993, "time": 62.80900001525879}
{"rmseUlt": 0.0052994371365269795, "trainSample": 173, "scale": 0.015625, "rmseTrain": 0.0018177199234627336, "time": 68.2960000038147}
{"rmseUlt": 0.005262701772126057, "trainSample": 189, "scale": 0.03125, "rmseTrain": 0.0017689909966336383, "time": 76.31399989128113}
