{"rmseUlt": 0.005404391527732005, "trainSample": 78, "scale": 0.03125, "rmseTrain": 0.0011783860201427011, "time": 32.17700004577637}
{"rmseUlt": 0.005244351758321025, "trainSample": 94, "scale": 0.03125, "rmseTrain": 0.0011346673689384913, "time": 37.16000008583069}
{"rmseUlt": 0.005098299057586533, "trainSample": 110, "scale": 0.03125, "rmseTrain": 0.0012036987804232412, "time": 43.38199996948242}
{"rmseUlt": 0.005114167246805984, "trainSample": 126, "scale": 0.03125, "rmseTrain": 0.0011225475345615352, "time": 51.634000062942505}
{"rmseUlt": 0.005343190087999258, "trainSample": 141, "scale": 0.015625, "rmseTrain": 0.0019905509281569174, "time": 54.52800011634827}
{"rmseUlt": 0.005287872469897618, "trainSample": 157, "scale": 0.03125, "rmseTrain": 0.001919166423019825, "time": 62.81100010871887}
{"rmseUlt": 0.005552022327929609, "trainSample": 173, "scale": 0.125, "rmseTrain": 0.0018322455341129428, "time": 64.71900010108948}
{"rmseUlt": 0.005284888524530285, "trainSample": 189, "scale": 0.015625, "rmseTrain": 0.0017397447602716112, "time": 76.18400001525879}
