{"rmseUlt": 0.005306999055512216, "trainSample": 78, "scale": 0.03125, "rmseTrain": 0.00118194880634946, "time": 34.16499996185303}
{"rmseUlt": 0.00509598301878262, "trainSample": 94, "scale": 0.0625, "rmseTrain": 0.0011956503325964152, "time": 44.16599988937378}
{"rmseUlt": 0.005149444783215393, "trainSample": 110, "scale": 0.015625, "rmseTrain": 0.0010571556006130401, "time": 47.69000005722046}
{"rmseUlt": 0.0051758388007986725, "trainSample": 126, "scale": 0.0625, "rmseTrain": 0.0010834787495787046, "time": 54.17500019073486}
{"rmseUlt": 0.005412174532035484, "trainSample": 141, "scale": 0.03125, "rmseTrain": 0.0019702810612749876, "time": 63.704999923706055}
{"rmseUlt": 0.005409877497651381, "trainSample": 157, "scale": 0.0625, "rmseTrain": 0.0018974426470271225, "time": 66.93399977684021}
{"rmseUlt": 0.005272498548040097, "trainSample": 173, "scale": 0.03125, "rmseTrain": 0.0018357402206271068, "time": 71.4760000705719}
{"rmseUlt": 0.00524324372831187, "trainSample": 189, "scale": 0.03125, "rmseTrain": 0.00176702065907597, "time": 74.37599992752075}
