{"rmseUlt": 0.005252758777068686, "trainSample": 78, "scale": 0.03125, "rmseTrain": 0.001183223289776985, "time": 36.93400001525879}
{"rmseUlt": 0.005135096072391235, "trainSample": 94, "scale": 0.03125, "rmseTrain": 0.0011348318433539125, "time": 41.78500008583069}
{"rmseUlt": 0.005100067433714684, "trainSample": 110, "scale": 0.125, "rmseTrain": 0.0011934920608339403, "time": 48.41799998283386}
{"rmseUlt": 0.005148475755144412, "trainSample": 126, "scale": 0.015625, "rmseTrain": 0.001083925985185617, "time": 54.162999868392944}
{"rmseUlt": 0.005322781744038375, "trainSample": 141, "scale": 0.015625, "rmseTrain": 0.001986738830179494, "time": 61.12000012397766}
{"rmseUlt": 0.005282193409699483, "trainSample": 157, "scale": 0.015625, "rmseTrain": 0.0019823739190314212, "time": 67.49600005149841}
{"rmseUlt": 0.005465072693758546, "trainSample": 173, "scale": 0.0625, "rmseTrain": 0.0018003041152070858, "time": 73.9190001487732}
{"rmseUlt": 0.00525033846240227, "trainSample": 189, "scale": 0.0078125, "rmseTrain": 0.0017450259517598544, "time": 81.62899994850159}
