{"rmseUlt": 0.005119899228701735, "trainSample": 78, "scale": 0.0625, "rmseTrain": 0.0013127958520829834, "time": 31.49500012397766}
{"rmseUlt": 0.005325185137417648, "trainSample": 94, "scale": 0.03125, "rmseTrain": 0.0011309937984677271, "time": 45.73699998855591}
{"rmseUlt": 0.005181942638207647, "trainSample": 110, "scale": 0.03125, "rmseTrain": 0.0010652058541435279, "time": 43.95300006866455}
{"rmseUlt": 0.005201605919647835, "trainSample": 126, "scale": 0.03125, "rmseTrain": 0.0010933243709459793, "time": 53.08500003814697}
{"rmseUlt": 0.00532611981238549, "trainSample": 141, "scale": 0.015625, "rmseTrain": 0.0020074418554931572, "time": 61.90499997138977}
{"rmseUlt": 0.005381037224631285, "trainSample": 157, "scale": 0.03125, "rmseTrain": 0.0019318227043798512, "time": 68.98200011253357}
{"rmseUlt": 0.00530391318194637, "trainSample": 173, "scale": 0.015625, "rmseTrain": 0.001819295094347968, "time": 73.70499992370605}
{"rmseUlt": 0.005425110991368538, "trainSample": 189, "scale": 0.0625, "rmseTrain": 0.0017348007871858095, "time": 80.54999995231628}
