{"rmseUlt": 0.005120823649603213, "trainSample": 78, "scale": 0.03125, "rmseTrain": 0.0013135427306449298, "time": 34.99500012397766}
{"rmseUlt": 0.005238263111373421, "trainSample": 94, "scale": 0.03125, "rmseTrain": 0.0011117656601018861, "time": 37.79699993133545}
{"rmseUlt": 0.005170374944333888, "trainSample": 110, "scale": 0.03125, "rmseTrain": 0.001092278797390183, "time": 43.01099991798401}
{"rmseUlt": 0.005504960764884986, "trainSample": 126, "scale": 0.0625, "rmseTrain": 0.0011328330525360794, "time": 51.617000102996826}
{"rmseUlt": 0.005436335963486626, "trainSample": 141, "scale": 0.03125, "rmseTrain": 0.001979029811000408, "time": 54.598000049591064}
{"rmseUlt": 0.005266972268681923, "trainSample": 157, "scale": 0.015625, "rmseTrain": 0.0019279359684917091, "time": 61.34999990463257}
{"rmseUlt": 0.005349731947791512, "trainSample": 173, "scale": 0.03125, "rmseTrain": 0.0018302748915526039, "time": 67.1399998664856}
{"rmseUlt": 0.005405376530032868, "trainSample": 189, "scale": 0.0625, "rmseTrain": 0.0017395204436245987, "time": 75.77499985694885}
