{"rmseUlt": 0.005352549046287586, "trainSample": 78, "scale": 0.03125, "rmseTrain": 0.0011826049596369002, "time": 31.426000118255615}
{"rmseUlt": 0.00524428118770991, "trainSample": 94, "scale": 0.0625, "rmseTrain": 0.0011042609109861985, "time": 35.96900010108948}
{"rmseUlt": 0.005127862132209958, "trainSample": 110, "scale": 0.0625, "rmseTrain": 0.0011741192050607739, "time": 43.37399983406067}
{"rmseUlt": 0.005218358071133874, "trainSample": 126, "scale": 0.0625, "rmseTrain": 0.001104611446228491, "time": 50.38699984550476}
{"rmseUlt": 0.005323773501970234, "trainSample": 141, "scale": 0.015625, "rmseTrain": 0.00198821923434946, "time": 53.89400005340576}
{"rmseUlt": 0.005257552906942148, "trainSample": 157, "scale": 0.015625, "rmseTrain": 0.001919576539392245, "time": 60.569000005722046}
{"rmseUlt": 0.005275394251492504, "trainSample": 173, "scale": 0.015625, "rmseTrain": 0.0018337631080561684, "time": 63.82100009918213}
{"rmseUlt": 0.005312733477676219, "trainSample": 189, "scale": 0.03125, "rmseTrain": 0.0017630026764633862, "time": 75.04099988937378}
