{"rmseUlt": 0.005183094726115981, "trainSample": 78, "scale": 0.03125, "rmseTrain": 0.0012195950051181556, "time": 34.97699999809265}
{"rmseUlt": 0.005078396599776141, "trainSample": 94, "scale": 0.0625, "rmseTrain": 0.001244507178379022, "time": 39.18299984931946}
{"rmseUlt": 0.005148055044093687, "trainSample": 110, "scale": 0.015625, "rmseTrain": 0.0010980656986764928, "time": 43.70100021362305}
{"rmseUlt": 0.0055169259513953494, "trainSample": 126, "scale": 0.0625, "rmseTrain": 0.0011450839386310191, "time": 52.5220000743866}
{"rmseUlt": 0.005467878092982405, "trainSample": 141, "scale": 0.03125, "rmseTrain": 0.0019916783637462794, "time": 54.47200012207031}
{"rmseUlt": 0.0052659456818556286, "trainSample": 157, "scale": 0.015625, "rmseTrain": 0.0019335153376960513, "time": 61.68300008773804}
{"rmseUlt": 0.005412212991453772, "trainSample": 173, "scale": 0.03125, "rmseTrain": 0.001814461222248797, "time": 64.21099996566772}
{"rmseUlt": 0.005343614513761933, "trainSample": 189, "scale": 0.015625, "rmseTrain": 0.0017528077443022714, "time": 76.91200017929077}
