{"rmseUlt": 0.005322018933408538, "trainSample": 78, "scale": 0.0625, "rmseTrain": 0.0011620362944355634, "time": 34.8289999961853}
{"rmseUlt": 0.005219086976362191, "trainSample": 94, "scale": 0.03125, "rmseTrain": 0.0010959476031948982, "time": 37.07100009918213}
{"rmseUlt": 0.0051756770973858494, "trainSample": 110, "scale": 0.03125, "rmseTrain": 0.0011163152226350205, "time": 42.36899995803833}
{"rmseUlt": 0.005253068445827256, "trainSample": 126, "scale": 0.03125, "rmseTrain": 0.0011298499509403335, "time": 50.13800001144409}
{"rmseUlt": 0.005316806232853477, "trainSample": 141, "scale": 0.015625, "rmseTrain": 0.001996271005450144, "time": 55.87100005149841}
{"rmseUlt": 0.005361419832762939, "trainSample": 157, "scale": 0.03125, "rmseTrain": 0.001930923470315823, "time": 64.05000019073486}
{"rmseUlt": 0.005309484115759125, "trainSample": 173, "scale": 0.015625, "rmseTrain": 0.0018213250873411295, "time": 66.75600004196167}
{"rmseUlt": 0.005291405904438903, "trainSample": 189, "scale": 0.015625, "rmseTrain": 0.001760968427014402, "time": 73.96600008010864}
