{"rmseUlt": 0.005711250732952578, "trainSample": 78, "scale": 0.0625, "rmseTrain": 0.0011898293451041084, "time": 35.329999923706055}
{"rmseUlt": 0.0052538743589810935, "trainSample": 94, "scale": 0.0625, "rmseTrain": 0.001129457954255703, "time": 41.70299983024597}
{"rmseUlt": 0.0051118745496926965, "trainSample": 110, "scale": 0.015625, "rmseTrain": 0.0011701680975018446, "time": 49.89100003242493}
{"rmseUlt": 0.005111849449714935, "trainSample": 126, "scale": 0.015625, "rmseTrain": 0.001119459546619417, "time": 57.05299997329712}
{"rmseUlt": 0.005340799391424701, "trainSample": 141, "scale": 0.0625, "rmseTrain": 0.0019897676777677923, "time": 55.10199999809265}
{"rmseUlt": 0.005373532337039283, "trainSample": 157, "scale": 0.03125, "rmseTrain": 0.001930073474319256, "time": 70.89400005340576}
{"rmseUlt": 0.005278938131353404, "trainSample": 173, "scale": 0.03125, "rmseTrain": 0.0018392691039987713, "time": 73.6029999256134}
{"rmseUlt": 0.00540615684436381, "trainSample": 189, "scale": 0.03125, "rmseTrain": 0.0017397562074958444, "time": 86.72199988365173}
