{"rmseUlt": 0.005536811252773931, "trainSample": 222, "scale": 0.03125, "rmseTrain": 0.004749766709886923, "time": 100.09500002861023}
{"rmseUlt": 0.005476881822098681, "trainSample": 252, "scale": 0.0625, "rmseTrain": 0.004833691565003952, "time": 123.5609998703003}
{"rmseUlt": 0.0053498277498792, "trainSample": 282, "scale": 0.03125, "rmseTrain": 0.004738701867015866, "time": 151.40100002288818}
{"rmseUlt": 0.005345428613678399, "trainSample": 312, "scale": 0.03125, "rmseTrain": 0.004792743704782832, "time": 179.7699999809265}
{"rmseUlt": 0.005573977646675996, "trainSample": 342, "scale": 0.25, "rmseTrain": 0.004656289120973354, "time": 202.3019998073578}
{"rmseUlt": 0.005452487063721028, "trainSample": 372, "scale": 0.25, "rmseTrain": 0.0045331287798154795, "time": 247.8069999217987}
{"rmseUlt": 0.0053793103735042015, "trainSample": 402, "scale": 0.125, "rmseTrain": 0.004520823611310424, "time": 283.95700001716614}
