{"rmseUlt": 0.005568692058256617, "trainSample": 222, "scale": 0.0625, "rmseTrain": 0.004656429940747362, "time": 76.27699995040894}
{"rmseUlt": 0.0054132212545463, "trainSample": 252, "scale": 0.03125, "rmseTrain": 0.004777594693332171, "time": 92.8730001449585}
{"rmseUlt": 0.005402073205945738, "trainSample": 282, "scale": 0.03125, "rmseTrain": 0.004810046425894098, "time": 113.79699993133545}
{"rmseUlt": 0.005273587311473416, "trainSample": 312, "scale": 0.03125, "rmseTrain": 0.004822833098695147, "time": 131.9229998588562}
{"rmseUlt": 0.00535543220836858, "trainSample": 342, "scale": 0.25, "rmseTrain": 0.004593965378728712, "time": 152.17999982833862}
{"rmseUlt": 0.005519653344016288, "trainSample": 372, "scale": 0.25, "rmseTrain": 0.004543038689908741, "time": 177.7279999256134}
{"rmseUlt": 0.005297324144409714, "trainSample": 402, "scale": 0.015625, "rmseTrain": 0.004920020165184001, "time": 207.2610001564026}
