{"rmseUlt": 0.005554394252171592, "trainSample": 222, "scale": 0.0625, "rmseTrain": 0.004739548843836176, "time": 100.8109998703003}
{"rmseUlt": 0.00551216928937781, "trainSample": 252, "scale": 0.0625, "rmseTrain": 0.00468829206974401, "time": 124.79299998283386}
{"rmseUlt": 0.005343289488511609, "trainSample": 282, "scale": 0.03125, "rmseTrain": 0.004758589695593792, "time": 152.79900002479553}
{"rmseUlt": 0.0054332566319173345, "trainSample": 312, "scale": 0.03125, "rmseTrain": 0.0047625305594659086, "time": 147.867999792099}
{"rmseUlt": 0.005558512313092508, "trainSample": 342, "scale": 0.25, "rmseTrain": 0.004849210111535422, "time": 152.356999874115}
{"rmseUlt": 0.005509409566059111, "trainSample": 372, "scale": 0.25, "rmseTrain": 0.004566024014263201, "time": 179.04699993133545}
{"rmseUlt": 0.005257348041691424, "trainSample": 402, "scale": 0.03125, "rmseTrain": 0.004875553959904864, "time": 207.59799981117249}
