{"rmseUlt": 0.005431975906656881, "trainSample": 222, "scale": 0.03125, "rmseTrain": 0.004753058022865663, "time": 71.2059998512268}
{"rmseUlt": 0.005380020183190493, "trainSample": 252, "scale": 0.03125, "rmseTrain": 0.004774061490993546, "time": 87.91899991035461}
{"rmseUlt": 0.0054236559049766365, "trainSample": 282, "scale": 0.03125, "rmseTrain": 0.00474986933939765, "time": 117.25200009346008}
{"rmseUlt": 0.005580925099364494, "trainSample": 312, "scale": 0.0625, "rmseTrain": 0.004696528160754424, "time": 156.8159999847412}
{"rmseUlt": 0.0056017679309506305, "trainSample": 342, "scale": 0.25, "rmseTrain": 0.0047375944606275165, "time": 172.91600012779236}
{"rmseUlt": 0.005467151072658595, "trainSample": 372, "scale": 0.25, "rmseTrain": 0.004527013991603399, "time": 354.41999983787537}
{"rmseUlt": 0.00563559631786532, "trainSample": 402, "scale": 0.25, "rmseTrain": 0.004550970059453168, "time": 404.2409999370575}
