{"rmseUlt": 0.005494643051884827, "trainSample": 222, "scale": 0.0625, "rmseTrain": 0.00473266414194383, "time": 107.3069999217987}
{"rmseUlt": 0.005439992221165437, "trainSample": 252, "scale": 0.03125, "rmseTrain": 0.004744140000815816, "time": 132.36100006103516}
{"rmseUlt": 0.005296840906949904, "trainSample": 282, "scale": 0.03125, "rmseTrain": 0.004769641978520628, "time": 116.25500011444092}
{"rmseUlt": 0.005357067798220394, "trainSample": 312, "scale": 0.03125, "rmseTrain": 0.00481918970957716, "time": 149.31399989128113}
{"rmseUlt": 0.005526608026996413, "trainSample": 342, "scale": 0.25, "rmseTrain": 0.004709792013284632, "time": 173.52500009536743}
{"rmseUlt": 0.005545771072448094, "trainSample": 372, "scale": 0.25, "rmseTrain": 0.004495564377818321, "time": 203.13399982452393}
{"rmseUlt": 0.005276531469074472, "trainSample": 402, "scale": 0.015625, "rmseTrain": 0.004867494835068653, "time": 250.8789999485016}
