{"rmseUlt": 0.00551420250370774, "trainSample": 222, "scale": 0.03125, "rmseTrain": 0.004708069301209564, "time": 130.08500003814697}
{"rmseUlt": 0.005408291502648898, "trainSample": 252, "scale": 0.03125, "rmseTrain": 0.004810868411135836, "time": 141.23099994659424}
{"rmseUlt": 0.00540061782137554, "trainSample": 282, "scale": 0.0625, "rmseTrain": 0.004743232451069692, "time": 173.8199999332428}
{"rmseUlt": 0.005281535490953262, "trainSample": 312, "scale": 0.03125, "rmseTrain": 0.0048085077792516225, "time": 200.7649998664856}
{"rmseUlt": 0.00564397893951762, "trainSample": 342, "scale": 0.25, "rmseTrain": 0.005139931283294229, "time": 234.06399989128113}
{"rmseUlt": 0.005578599721401739, "trainSample": 372, "scale": 0.25, "rmseTrain": 0.004526991398931922, "time": 304.13499999046326}
{"rmseUlt": 0.005608077157655098, "trainSample": 402, "scale": 0.25, "rmseTrain": 0.004471924453489563, "time": 356.8159999847412}
