{"rmseUlt": 0.0055608451775544, "trainSample": 222, "scale": 0.03125, "rmseTrain": 0.00482286085981385, "time": 105.9430000782013}
{"rmseUlt": 0.005442453675464733, "trainSample": 252, "scale": 0.0625, "rmseTrain": 0.004726641344080768, "time": 131.92999982833862}
{"rmseUlt": 0.0053130808834348, "trainSample": 282, "scale": 0.03125, "rmseTrain": 0.004800715810676467, "time": 166.10399985313416}
{"rmseUlt": 0.005460122430528931, "trainSample": 312, "scale": 0.0625, "rmseTrain": 0.004714673635317394, "time": 200.58599996566772}
{"rmseUlt": 0.005481157335038517, "trainSample": 342, "scale": 0.25, "rmseTrain": 0.004626196916944463, "time": 213.69299983978271}
{"rmseUlt": 0.00547683285422024, "trainSample": 372, "scale": 0.25, "rmseTrain": 0.004642242011297478, "time": 261.4519999027252}
{"rmseUlt": 0.00565339477854011, "trainSample": 402, "scale": 0.25, "rmseTrain": 0.004541210760195015, "time": 293.6329998970032}
