{"rmseUlt": 0.005605881093250466, "trainSample": 222, "scale": 0.0625, "rmseTrain": 0.004697277315589863, "time": 89.40700006484985}
{"rmseUlt": 0.005564020443185285, "trainSample": 252, "scale": 0.03125, "rmseTrain": 0.004668906367161517, "time": 136.0680000782013}
{"rmseUlt": 0.005339034802803299, "trainSample": 282, "scale": 0.0625, "rmseTrain": 0.004754601626541167, "time": 167.42999982833862}
{"rmseUlt": 0.005425107064959102, "trainSample": 312, "scale": 0.03125, "rmseTrain": 0.004767298743520718, "time": 197.67799997329712}
{"rmseUlt": 0.005386994050887127, "trainSample": 342, "scale": 0.25, "rmseTrain": 0.004665527077561132, "time": 231.35800004005432}
{"rmseUlt": 0.005359802594650312, "trainSample": 372, "scale": 0.015625, "rmseTrain": 0.005086351864196698, "time": 287.8910000324249}
{"rmseUlt": 0.005562522713882275, "trainSample": 402, "scale": 0.25, "rmseTrain": 0.004528836204448637, "time": 340.8470001220703}
