{"rmseUlt": 0.005506205345388078, "trainSample": 222, "scale": 0.0625, "rmseTrain": 0.004697469520250123, "time": 100.45600008964539}
{"rmseUlt": 0.0054303696626483424, "trainSample": 252, "scale": 0.03125, "rmseTrain": 0.004849611335209276, "time": 127.007000207901}
{"rmseUlt": 0.005325035994242404, "trainSample": 282, "scale": 0.03125, "rmseTrain": 0.0048206566680860895, "time": 148.26200008392334}
{"rmseUlt": 0.0052260653035470185, "trainSample": 312, "scale": 0.0625, "rmseTrain": 0.004800768469212895, "time": 179.23799991607666}
{"rmseUlt": 0.005365205377278686, "trainSample": 342, "scale": 0.0625, "rmseTrain": 0.005041097837660248, "time": 206.72399997711182}
{"rmseUlt": 0.005392047424066251, "trainSample": 372, "scale": 0.125, "rmseTrain": 0.004534632189360544, "time": 247.51399993896484}
{"rmseUlt": 0.005345656451712788, "trainSample": 402, "scale": 0.015625, "rmseTrain": 0.004961119755218467, "time": 289.55999994277954}
