{"rmseUlt": 0.005500049868247574, "trainSample": 222, "scale": 0.03125, "rmseTrain": 0.004732743708779993, "time": 102.41100001335144}
{"rmseUlt": 0.005310530157062244, "trainSample": 252, "scale": 0.03125, "rmseTrain": 0.004871918893844412, "time": 125.3289999961853}
{"rmseUlt": 0.005509979285747159, "trainSample": 282, "scale": 0.0625, "rmseTrain": 0.004716795242590762, "time": 152.09299993515015}
{"rmseUlt": 0.005439901285016033, "trainSample": 312, "scale": 0.0625, "rmseTrain": 0.004724814076867583, "time": 178.53400015830994}
{"rmseUlt": 0.005269518619546715, "trainSample": 342, "scale": 0.015625, "rmseTrain": 0.005022581208833077, "time": 204.9579999446869}
{"rmseUlt": 0.005485745208981162, "trainSample": 372, "scale": 0.25, "rmseTrain": 0.004540617955497489, "time": 246.44400000572205}
{"rmseUlt": 0.005504502775440222, "trainSample": 402, "scale": 0.125, "rmseTrain": 0.004571434352933601, "time": 290.3180000782013}
