{"mseTrain": 0.00013037273643372253, "rmseTrain": 0.011418088125151361, "mseUlt": 0.00011109736106000001, "time": 0.010999917984008789, "trainRate": 0.4141791044776119, "rmseUlt": 0.010540273291523327}
{"mseTrain": 0.0001243209258503428, "rmseTrain": 0.011149929410105824, "mseUlt": 0.00011109736106000001, "time": 0.012000083923339844, "trainRate": 0.4701492537313433, "rmseUlt": 0.010540273291523327}
{"mseTrain": 0.0001232227128259801, "rmseTrain": 0.011100572635048163, "mseUlt": 0.00011109736106000001, "time": 0.013000011444091797, "trainRate": 0.5261194029850746, "rmseUlt": 0.010540273291523327}
{"mseTrain": 0.00012279432042604615, "rmseTrain": 0.011081259875395313, "mseUlt": 0.00011109736106000001, "time": 0.01399993896484375, "trainRate": 0.582089552238806, "rmseUlt": 0.010540273291523327}
{"mseTrain": 0.0001234519797951064, "rmseTrain": 0.011110894644226738, "mseUlt": 0.00011109736106000001, "time": 0.01399993896484375, "trainRate": 0.6380597014925373, "rmseUlt": 0.010540273291523327}
{"mseTrain": 0.00012037439557507097, "rmseTrain": 0.010971526583619573, "mseUlt": 0.00011109736106000001, "time": 0.01399993896484375, "trainRate": 0.6940298507462687, "rmseUlt": 0.010540273291523327}
{"mseTrain": 0.00011487226345046367, "rmseTrain": 0.010717847892672468, "mseUlt": 0.00011109736106000001, "time": 0.015000104904174805, "trainRate": 0.75, "rmseUlt": 0.010540273291523327}
