{"rmseUlt": 0.03972660098554641, "trainSample": 75, "scale": 2048, "rmseTrain": 0.0011679765686730937, "time": 29.49399995803833}
{"rmseUlt": 0.037611696721930106, "trainSample": 93, "scale": 1024, "rmseTrain": 0.010465447085236605, "time": 38.57499980926514}
{"rmseUlt": 0.026648890502097445, "trainSample": 112, "scale": 1024, "rmseTrain": 0.0028432824459421473, "time": 50.17500019073486}
{"rmseUlt": 0.05510942976827861, "trainSample": 131, "scale": 4096, "rmseTrain": 0.028441323415790552, "time": 62.96000003814697}
{"rmseUlt": 0.018498063497756106, "trainSample": 150, "scale": 2048, "rmseTrain": 0.001959714310669533, "time": 77.5259997844696}
{"rmseUlt": 0.023377647663762924, "trainSample": 168, "scale": 1024, "rmseTrain": 0.011595801066419241, "time": 94.45300006866455}
{"rmseUlt": 0.019756035555558268, "trainSample": 187, "scale": 4096, "rmseTrain": 0.0024846424260198605, "time": 108.59500002861023}
{"rmseUlt": 0.010995508893191926, "trainSample": 206, "scale": 1024, "rmseTrain": 0.001901848535191887, "time": 132.8809998035431}
{"rmseUlt": 0.033825551418205584, "trainSample": 225, "scale": 512, "rmseTrain": 0.01709407878705788, "time": 151.6119999885559}
