{"rmseUlt": 0.048835927346347, "trainSample": 75, "scale": 2048, "rmseTrain": 0.0037578255266418116, "time": 41.21299982070923}
{"rmseUlt": 0.041625074902485175, "trainSample": 93, "scale": 2048, "rmseTrain": 0.016620302775753736, "time": 52.99500012397766}
{"rmseUlt": 0.0243592251427704, "trainSample": 112, "scale": 1024, "rmseTrain": 0.005173848217768768, "time": 71.06500005722046}
{"rmseUlt": 0.023396000190751942, "trainSample": 131, "scale": 2048, "rmseTrain": 0.005882951042323138, "time": 88.10199999809265}
{"rmseUlt": 0.018257337933412027, "trainSample": 150, "scale": 2048, "rmseTrain": 0.0015562690878076532, "time": 111.45700001716614}
{"rmseUlt": 0.01571854166092758, "trainSample": 168, "scale": 2048, "rmseTrain": 0.0031918913706072667, "time": 128.38000011444092}
{"rmseUlt": 0.004989524928606863, "trainSample": 187, "scale": 4096, "rmseTrain": 0.0009100415432426833, "time": 155.27699995040894}
{"rmseUlt": 0.01221420359729142, "trainSample": 206, "scale": 1024, "rmseTrain": 0.0020032125966965384, "time": 181.17999982833862}
{"rmseUlt": 0.0066903582468311185, "trainSample": 225, "scale": 2048, "rmseTrain": 0.0005069950903673425, "time": 214.94299983978271}
