{"rmseUlt": 0.03596430435881464, "trainSample": 75, "scale": 1024, "rmseTrain": 0.0027688395826196564, "time": 41.51300001144409}
{"rmseUlt": 0.03932251258107909, "trainSample": 93, "scale": 1024, "rmseTrain": 0.011914512672799117, "time": 52.31599998474121}
{"rmseUlt": 0.02474603362267195, "trainSample": 112, "scale": 4096, "rmseTrain": 0.00928945749721307, "time": 65.99000000953674}
{"rmseUlt": 0.030041217175711458, "trainSample": 131, "scale": 16384, "rmseTrain": 0.0014334258042799086, "time": 82.09599995613098}
{"rmseUlt": 0.018212641577732308, "trainSample": 150, "scale": 4096, "rmseTrain": 0.0016036308898993944, "time": 101.21099996566772}
{"rmseUlt": 0.01230897886512713, "trainSample": 168, "scale": 1024, "rmseTrain": 0.001539283554737665, "time": 121.3199999332428}
{"rmseUlt": 0.004496885203449532, "trainSample": 187, "scale": 4096, "rmseTrain": 0.0009053772554862093, "time": 137.5590000152588}
{"rmseUlt": 0.024578806646332142, "trainSample": 206, "scale": 512, "rmseTrain": 0.011292954496252595, "time": 159.57400012016296}
{"rmseUlt": 0.004705553455314637, "trainSample": 225, "scale": 2048, "rmseTrain": 0.0005530739740892342, "time": 184.38100004196167}
