{"rmseUlt": 0.03890403294866203, "trainSample": 75, "scale": 2048, "rmseTrain": 0.001126718940255979, "time": 44.70299983024597}
{"rmseUlt": 0.052475694088210276, "trainSample": 93, "scale": 4096, "rmseTrain": 0.013504428755049942, "time": 55.8989999294281}
{"rmseUlt": 0.024326649137260195, "trainSample": 112, "scale": 1024, "rmseTrain": 0.005091637581069019, "time": 78.90599989891052}
{"rmseUlt": 0.029488814718990175, "trainSample": 131, "scale": 1024, "rmseTrain": 0.0068666755219105565, "time": 100.78999996185303}
{"rmseUlt": 0.01841511258513097, "trainSample": 150, "scale": 1024, "rmseTrain": 0.001822434045404115, "time": 119.74900007247925}
{"rmseUlt": 0.021797754213056797, "trainSample": 168, "scale": 1024, "rmseTrain": 0.01116580318032189, "time": 139.78700017929077}
{"rmseUlt": 0.010004225429434365, "trainSample": 187, "scale": 1024, "rmseTrain": 0.0011209829435423035, "time": 163.4210000038147}
{"rmseUlt": 0.012850207718929871, "trainSample": 206, "scale": 1024, "rmseTrain": 0.0022811532437244106, "time": 197.9210000038147}
{"rmseUlt": 0.009273928549077328, "trainSample": 225, "scale": 4096, "rmseTrain": 0.0005815590950812502, "time": 224.14199995994568}
