{"rmseUlt": 0.03701245917128006, "trainSample": 75, "scale": 2048, "rmseTrain": 0.0031182129822163113, "time": 44.0789999961853}
{"rmseUlt": 0.03845735447457723, "trainSample": 93, "scale": 2048, "rmseTrain": 0.010233115516228084, "time": 57.90899991989136}
{"rmseUlt": 0.026098084453402105, "trainSample": 112, "scale": 1024, "rmseTrain": 0.0031514603381728027, "time": 70.75}
{"rmseUlt": 0.055764503165343586, "trainSample": 131, "scale": 2048, "rmseTrain": 0.02692386364533622, "time": 88.14800000190735}
{"rmseUlt": 0.0195378195292775, "trainSample": 150, "scale": 2048, "rmseTrain": 0.0013799406671819174, "time": 113.08700013160706}
{"rmseUlt": 0.03821251182365984, "trainSample": 168, "scale": 2048, "rmseTrain": 0.04929953972881004, "time": 131.65400004386902}
{"rmseUlt": 0.01269578303733099, "trainSample": 187, "scale": 2048, "rmseTrain": 0.0011418569014695701, "time": 147.09500002861023}
{"rmseUlt": 0.008505559698595497, "trainSample": 206, "scale": 2048, "rmseTrain": 0.0009337425613915217, "time": 179.91499996185303}
{"rmseUlt": 0.006235095400831651, "trainSample": 225, "scale": 2048, "rmseTrain": 0.000486798433909937, "time": 201.9300000667572}
