{"rmseUlt": 0.06422213709246861, "trainSample": 75, "scale": 8192, "rmseTrain": 6.586608968408337e-05, "time": 30.81000018119812}
{"rmseUlt": 0.03475109724152012, "trainSample": 93, "scale": 4096, "rmseTrain": 0.0007832460131540518, "time": 40.40399980545044}
{"rmseUlt": 0.027903718136675946, "trainSample": 112, "scale": 2048, "rmseTrain": 0.0012500896153773604, "time": 49.71500015258789}
{"rmseUlt": 0.030943378233065477, "trainSample": 131, "scale": 1024, "rmseTrain": 0.006696626094464569, "time": 63.36899995803833}
{"rmseUlt": 0.025508629986954103, "trainSample": 150, "scale": 4096, "rmseTrain": 0.0009911559009098425, "time": 81.40400004386902}
{"rmseUlt": 0.017712926092001133, "trainSample": 168, "scale": 1024, "rmseTrain": 0.005804231419727935, "time": 94.84800004959106}
{"rmseUlt": 0.005200767854525962, "trainSample": 187, "scale": 2048, "rmseTrain": 0.000887557979215657, "time": 158.67199993133545}
{"rmseUlt": 0.06836603742386886, "trainSample": 206, "scale": 16384, "rmseTrain": 0.015336391801619192, "time": 195.51600003242493}
{"rmseUlt": 0.015227626034953968, "trainSample": 225, "scale": 4096, "rmseTrain": 0.000661352688644215, "time": 217.95499992370605}
