{"rmseUlt": 0.036819509151323, "trainSample": 75, "scale": 2048, "rmseTrain": 0.0031059954566983496, "time": 46.753000020980835}
{"rmseUlt": 0.0383420830313289, "trainSample": 93, "scale": 2048, "rmseTrain": 0.010399088478168731, "time": 56.58200001716614}
{"rmseUlt": 0.02905684876090457, "trainSample": 112, "scale": 2048, "rmseTrain": 0.012009241295983979, "time": 74.35999989509583}
{"rmseUlt": 0.04876766197136139, "trainSample": 131, "scale": 2048, "rmseTrain": 0.022221854159210828, "time": 90.10500001907349}
{"rmseUlt": 0.032187656832117315, "trainSample": 150, "scale": 8192, "rmseTrain": 0.02644644925468008, "time": 118.85699987411499}
{"rmseUlt": 0.011085840659049474, "trainSample": 168, "scale": 1024, "rmseTrain": 0.004473606065080555, "time": 132.93600010871887}
{"rmseUlt": 0.008990547167211208, "trainSample": 187, "scale": 2048, "rmseTrain": 0.00097311542871368, "time": 153.86300015449524}
{"rmseUlt": 0.015197347765070781, "trainSample": 206, "scale": 1024, "rmseTrain": 0.003097955358798103, "time": 134.07200002670288}
{"rmseUlt": 0.004432984599523092, "trainSample": 225, "scale": 2048, "rmseTrain": 0.0009109691637794378, "time": 141.49300003051758}
