{"rmseUlt": 0.05608149427038179, "trainSample": 75, "scale": 1024, "rmseTrain": 0.010184765525201546, "time": 37.11400008201599}
{"rmseUlt": 0.032992361038594986, "trainSample": 93, "scale": 4096, "rmseTrain": 0.0007512235554858125, "time": 51.979000091552734}
{"rmseUlt": 0.02883016068472126, "trainSample": 112, "scale": 1024, "rmseTrain": 0.011820304415577578, "time": 67.0019998550415}
{"rmseUlt": 0.029870063836461326, "trainSample": 131, "scale": 4096, "rmseTrain": 0.009285894236078418, "time": 77.58700013160706}
{"rmseUlt": 0.03528775103120328, "trainSample": 150, "scale": 1024, "rmseTrain": 0.018959088558452377, "time": 101.9520001411438}
{"rmseUlt": 0.015190544755604789, "trainSample": 168, "scale": 1024, "rmseTrain": 0.002664505259730645, "time": 121.01300001144409}
{"rmseUlt": 0.011524668876814317, "trainSample": 187, "scale": 2048, "rmseTrain": 0.0013725539408898542, "time": 132.42900013923645}
{"rmseUlt": 0.011105049003999595, "trainSample": 206, "scale": 1024, "rmseTrain": 0.0014426564428106985, "time": 158.55299997329712}
{"rmseUlt": 0.009433869698207798, "trainSample": 225, "scale": 2048, "rmseTrain": 0.0005403139421283821, "time": 176.44000005722046}
