{"rmseUlt": 0.0432014517637363, "trainSample": 75, "scale": 1024, "rmseTrain": 0.007584703882874812, "time": 39.47699999809265}
{"rmseUlt": 0.05091397353560239, "trainSample": 93, "scale": 4096, "rmseTrain": 0.0008839907387410063, "time": 57.96000003814697}
{"rmseUlt": 0.05166627617050133, "trainSample": 112, "scale": 8192, "rmseTrain": 0.0016845160351532454, "time": 74.59700012207031}
{"rmseUlt": 0.04448321031205846, "trainSample": 131, "scale": 4096, "rmseTrain": 0.01738753740790481, "time": 99.46799993515015}
{"rmseUlt": 0.018697071657868117, "trainSample": 150, "scale": 2048, "rmseTrain": 0.002085121628650379, "time": 118.78600001335144}
{"rmseUlt": 0.028897756244297655, "trainSample": 168, "scale": 4096, "rmseTrain": 0.001234140438020105, "time": 128.7170000076294}
{"rmseUlt": 0.00663479665730189, "trainSample": 187, "scale": 2048, "rmseTrain": 0.000912647105160322, "time": 160.41599988937378}
{"rmseUlt": 0.013746574855520546, "trainSample": 206, "scale": 1024, "rmseTrain": 0.0024834060204443915, "time": 198.57999992370605}
{"rmseUlt": 0.02365179941967792, "trainSample": 225, "scale": 4096, "rmseTrain": 0.002464383984554775, "time": 211.8989999294281}
