{"rmseUlt": 0.03847529116047903, "trainSample": 75, "scale": 2048, "rmseTrain": 0.0011080156681930085, "time": 43.375}
{"rmseUlt": 0.03427446679468795, "trainSample": 93, "scale": 2048, "rmseTrain": 0.0007894055978524861, "time": 55.02799987792969}
{"rmseUlt": 0.028805350579015763, "trainSample": 112, "scale": 2048, "rmseTrain": 0.0011336048802250132, "time": 71.33200001716614}
{"rmseUlt": 0.06012247221381263, "trainSample": 131, "scale": 4096, "rmseTrain": 0.053022367981989074, "time": 86.26700019836426}
{"rmseUlt": 0.045337095198433416, "trainSample": 150, "scale": 4096, "rmseTrain": 0.0015669832330025067, "time": 113.77600002288818}
{"rmseUlt": 0.005595332202316923, "trainSample": 168, "scale": 2048, "rmseTrain": 0.0010350330125158077, "time": 134.77199983596802}
{"rmseUlt": 0.004657329866171386, "trainSample": 187, "scale": 4096, "rmseTrain": 0.0009323075435948457, "time": 146.3989999294281}
{"rmseUlt": 0.014551493542827637, "trainSample": 206, "scale": 2048, "rmseTrain": 0.0025863103850321924, "time": 128.49900007247925}
{"rmseUlt": 0.004330849744535793, "trainSample": 225, "scale": 2048, "rmseTrain": 0.000839239234980838, "time": 147.49200010299683}
